Fecha de emisión,Fecha de corte,"Cód. 
depto.",Departamento,No. de productores con acuerdos comerciales,No. de productores mujeres con acuerdos comerciales,No. de productores hombres con acuerdos comerciales,No. de productores sin definir,"Valor estimado de los acuerdos comerciales
 ($ millones)"
12/15/2021 12:00:00 AM,01/31/2019 12:00:00 AM,91,Amazonas,0,0,0,0,0
12/15/2021 12:00:00 AM,01/31/2019 12:00:00 AM,5,Antioquia,0,0,0,0,0
12/15/2021 12:00:00 AM,01/31/2019 12:00:00 AM,81,Arauca,0,0,0,0,0
12/15/2021 12:00:00 AM,01/31/2019 12:00:00 AM,8,Atlántico,0,0,0,0,0
12/15/2021 12:00:00 AM,01/31/2019 12:00:00 AM,11,Bogotá,0,0,0,0,0
12/15/2021 12:00:00 AM,01/31/2019 12:00:00 AM,13,Bolívar,0,0,0,0,0
12/15/2021 12:00:00 AM,01/31/2019 12:00:00 AM,15,Boyacá,0,0,0,0,0
12/15/2021 12:00:00 AM,01/31/2019 12:00:00 AM,17,Caldas,0,0,0,0,0
12/15/2021 12:00:00 AM,01/31/2019 12:00:00 AM,18,Caquetá,0,0,0,0,0
12/15/2021 12:00:00 AM,01/31/2019 12:00:00 AM,85,Casanare,0,0,0,0,0
12/15/2021 12:00:00 AM,01/31/2019 12:00:00 AM,19,Cauca,35,0,0,35,25600000
12/15/2021 12:00:00 AM,01/31/2019 12:00:00 AM,20,Cesar,0,0,0,0,0
12/15/2021 12:00:00 AM,01/31/2019 12:00:00 AM,27,Chocó,0,0,0,0,0
12/15/2021 12:00:00 AM,01/31/2019 12:00:00 AM,23,Córdoba,0,0,0,0,0
12/15/2021 12:00:00 AM,01/31/2019 12:00:00 AM,25,Cundinamarca,0,0,0,0,0
12/15/2021 12:00:00 AM,01/31/2019 12:00:00 AM,94,Guainía,0,0,0,0,0
12/15/2021 12:00:00 AM,01/31/2019 12:00:00 AM,95,Guaviare,0,0,0,0,0
12/15/2021 12:00:00 AM,01/31/2019 12:00:00 AM,41,Huila,0,0,0,0,0
12/15/2021 12:00:00 AM,01/31/2019 12:00:00 AM,44,La Guajira,31,0,0,31,14720000
12/15/2021 12:00:00 AM,01/31/2019 12:00:00 AM,47,Magdalena,0,0,0,0,0
12/15/2021 12:00:00 AM,01/31/2019 12:00:00 AM,50,Meta,0,0,0,0,0
12/15/2021 12:00:00 AM,01/31/2019 12:00:00 AM,52,Nariño,0,0,0,0,0
12/15/2021 12:00:00 AM,01/31/2019 12:00:00 AM,54,Norte de Santander,0,0,0,0,0
12/15/2021 12:00:00 AM,01/31/2019 12:00:00 AM,86,Putumayo,36,0,0,36,195000000
12/15/2021 12:00:00 AM,01/31/2019 12:00:00 AM,63,Quindío,0,0,0,0,0
12/15/2021 12:00:00 AM,01/31/2019 12:00:00 AM,66,Risaralda,0,0,0,0,0
12/15/2021 12:00:00 AM,01/31/2019 12:00:00 AM,88,San Andrés y Providencia,0,0,0,0,0
12/15/2021 12:00:00 AM,01/31/2019 12:00:00 AM,68,Santander,0,0,0,0,0
12/15/2021 12:00:00 AM,01/31/2019 12:00:00 AM,70,Sucre,0,0,0,0,0
12/15/2021 12:00:00 AM,01/31/2019 12:00:00 AM,73,Tolima,0,0,0,0,0
12/15/2021 12:00:00 AM,01/31/2019 12:00:00 AM,76,Valle del Cauca,0,0,0,0,0
12/15/2021 12:00:00 AM,01/31/2019 12:00:00 AM,97,Vaupés,0,0,0,0,0
12/15/2021 12:00:00 AM,01/31/2019 12:00:00 AM,99,Vichada,0,0,0,0,0
12/15/2021 12:00:00 AM,01/31/2019 12:00:00 AM,0,Sin información,0,0,0,0,0
12/15/2021 12:00:00 AM,02/28/2019 12:00:00 AM,91,Amazonas,0,0,0,0,0
12/15/2021 12:00:00 AM,02/28/2019 12:00:00 AM,5,Antioquia,0,0,0,0,0
12/15/2021 12:00:00 AM,02/28/2019 12:00:00 AM,81,Arauca,0,0,0,0,0
12/15/2021 12:00:00 AM,02/28/2019 12:00:00 AM,8,Atlántico,0,0,0,0,0
12/15/2021 12:00:00 AM,02/28/2019 12:00:00 AM,11,Bogotá,0,0,0,0,0
12/15/2021 12:00:00 AM,02/28/2019 12:00:00 AM,13,Bolívar,0,0,0,0,0
12/15/2021 12:00:00 AM,02/28/2019 12:00:00 AM,15,Boyacá,0,0,0,0,0
12/15/2021 12:00:00 AM,02/28/2019 12:00:00 AM,17,Caldas,0,0,0,0,0
12/15/2021 12:00:00 AM,02/28/2019 12:00:00 AM,18,Caquetá,0,0,0,0,0
12/15/2021 12:00:00 AM,02/28/2019 12:00:00 AM,85,Casanare,0,0,0,0,0
12/15/2021 12:00:00 AM,02/28/2019 12:00:00 AM,19,Cauca,132,0,0,132,544000000
12/15/2021 12:00:00 AM,02/28/2019 12:00:00 AM,20,Cesar,25,0,0,25,6300000
12/15/2021 12:00:00 AM,02/28/2019 12:00:00 AM,27,Chocó,0,0,0,0,0
12/15/2021 12:00:00 AM,02/28/2019 12:00:00 AM,23,Córdoba,0,0,0,0,0
12/15/2021 12:00:00 AM,02/28/2019 12:00:00 AM,25,Cundinamarca,0,0,0,0,0
12/15/2021 12:00:00 AM,02/28/2019 12:00:00 AM,94,Guainía,0,0,0,0,0
12/15/2021 12:00:00 AM,02/28/2019 12:00:00 AM,95,Guaviare,0,0,0,0,0
12/15/2021 12:00:00 AM,02/28/2019 12:00:00 AM,41,Huila,0,0,0,0,0
12/15/2021 12:00:00 AM,02/28/2019 12:00:00 AM,44,La Guajira,200,0,0,200,102273111
12/15/2021 12:00:00 AM,02/28/2019 12:00:00 AM,47,Magdalena,0,0,0,0,0
12/15/2021 12:00:00 AM,02/28/2019 12:00:00 AM,50,Meta,0,0,0,0,0
12/15/2021 12:00:00 AM,02/28/2019 12:00:00 AM,52,Nariño,0,0,0,0,0
12/15/2021 12:00:00 AM,02/28/2019 12:00:00 AM,54,Norte de Santander,0,0,0,0,0
12/15/2021 12:00:00 AM,02/28/2019 12:00:00 AM,86,Putumayo,0,0,0,0,0
12/15/2021 12:00:00 AM,02/28/2019 12:00:00 AM,63,Quindío,0,0,0,0,0
12/15/2021 12:00:00 AM,02/28/2019 12:00:00 AM,66,Risaralda,0,0,0,0,0
12/15/2021 12:00:00 AM,02/28/2019 12:00:00 AM,88,San Andrés y Providencia,0,0,0,0,0
12/15/2021 12:00:00 AM,02/28/2019 12:00:00 AM,68,Santander,0,0,0,0,0
12/15/2021 12:00:00 AM,02/28/2019 12:00:00 AM,70,Sucre,0,0,0,0,0
12/15/2021 12:00:00 AM,02/28/2019 12:00:00 AM,73,Tolima,246,0,0,246,204160000
12/15/2021 12:00:00 AM,02/28/2019 12:00:00 AM,76,Valle del Cauca,0,0,0,0,0
12/15/2021 12:00:00 AM,02/28/2019 12:00:00 AM,97,Vaupés,0,0,0,0,0
12/15/2021 12:00:00 AM,02/28/2019 12:00:00 AM,99,Vichada,0,0,0,0,0
12/15/2021 12:00:00 AM,02/28/2019 12:00:00 AM,0,Sin información,0,0,0,0,0
12/15/2021 12:00:00 AM,03/31/2019 12:00:00 AM,91,Amazonas,0,0,0,0,0
12/15/2021 12:00:00 AM,03/31/2019 12:00:00 AM,5,Antioquia,0,0,0,0,0
12/15/2021 12:00:00 AM,03/31/2019 12:00:00 AM,81,Arauca,0,0,0,0,0
12/15/2021 12:00:00 AM,03/31/2019 12:00:00 AM,8,Atlántico,0,0,0,0,0
12/15/2021 12:00:00 AM,03/31/2019 12:00:00 AM,11,Bogotá,0,0,0,0,0
12/15/2021 12:00:00 AM,03/31/2019 12:00:00 AM,13,Bolívar,0,0,0,0,0
12/15/2021 12:00:00 AM,03/31/2019 12:00:00 AM,15,Boyacá,0,0,0,0,0
12/15/2021 12:00:00 AM,03/31/2019 12:00:00 AM,17,Caldas,0,0,0,0,0
12/15/2021 12:00:00 AM,03/31/2019 12:00:00 AM,18,Caquetá,0,0,0,0,0
12/15/2021 12:00:00 AM,03/31/2019 12:00:00 AM,85,Casanare,0,0,0,0,0
12/15/2021 12:00:00 AM,03/31/2019 12:00:00 AM,19,Cauca,-167,0,0,-167,-569600000
12/15/2021 12:00:00 AM,03/31/2019 12:00:00 AM,20,Cesar,-25,0,0,-25,-6300000
12/15/2021 12:00:00 AM,03/31/2019 12:00:00 AM,27,Chocó,0,0,0,0,0
12/15/2021 12:00:00 AM,03/31/2019 12:00:00 AM,23,Córdoba,0,0,0,0,0
12/15/2021 12:00:00 AM,03/31/2019 12:00:00 AM,25,Cundinamarca,0,0,0,0,0
12/15/2021 12:00:00 AM,03/31/2019 12:00:00 AM,94,Guainía,0,0,0,0,0
12/15/2021 12:00:00 AM,03/31/2019 12:00:00 AM,95,Guaviare,0,0,0,0,0
12/15/2021 12:00:00 AM,03/31/2019 12:00:00 AM,41,Huila,0,0,0,0,0
12/15/2021 12:00:00 AM,03/31/2019 12:00:00 AM,44,La Guajira,-231,0,0,-231,-116993111
12/15/2021 12:00:00 AM,03/31/2019 12:00:00 AM,47,Magdalena,0,0,0,0,0
12/15/2021 12:00:00 AM,03/31/2019 12:00:00 AM,50,Meta,0,0,0,0,0
12/15/2021 12:00:00 AM,03/31/2019 12:00:00 AM,52,Nariño,0,0,0,0,0
12/15/2021 12:00:00 AM,03/31/2019 12:00:00 AM,54,Norte de Santander,0,0,0,0,0
12/15/2021 12:00:00 AM,03/31/2019 12:00:00 AM,86,Putumayo,-36,0,0,-36,-195000000
12/15/2021 12:00:00 AM,03/31/2019 12:00:00 AM,63,Quindío,0,0,0,0,0
12/15/2021 12:00:00 AM,03/31/2019 12:00:00 AM,66,Risaralda,0,0,0,0,0
12/15/2021 12:00:00 AM,03/31/2019 12:00:00 AM,88,San Andrés y Providencia,0,0,0,0,0
12/15/2021 12:00:00 AM,03/31/2019 12:00:00 AM,68,Santander,0,0,0,0,0
12/15/2021 12:00:00 AM,03/31/2019 12:00:00 AM,70,Sucre,0,0,0,0,0
12/15/2021 12:00:00 AM,03/31/2019 12:00:00 AM,73,Tolima,-246,0,0,-246,-204160000
12/15/2021 12:00:00 AM,03/31/2019 12:00:00 AM,76,Valle del Cauca,0,0,0,0,0
12/15/2021 12:00:00 AM,03/31/2019 12:00:00 AM,97,Vaupés,0,0,0,0,0
12/15/2021 12:00:00 AM,03/31/2019 12:00:00 AM,99,Vichada,0,0,0,0,0
12/15/2021 12:00:00 AM,03/31/2019 12:00:00 AM,0,Sin información,0,0,0,0,0
12/15/2021 12:00:00 AM,04/30/2019 12:00:00 AM,91,Amazonas,0,0,0,0,0
12/15/2021 12:00:00 AM,04/30/2019 12:00:00 AM,5,Antioquia,0,0,0,0,0
12/15/2021 12:00:00 AM,04/30/2019 12:00:00 AM,81,Arauca,0,0,0,0,0
12/15/2021 12:00:00 AM,04/30/2019 12:00:00 AM,8,Atlántico,0,0,0,0,0
12/15/2021 12:00:00 AM,04/30/2019 12:00:00 AM,11,Bogotá,0,0,0,0,0
12/15/2021 12:00:00 AM,04/30/2019 12:00:00 AM,13,Bolívar,0,0,0,0,0
12/15/2021 12:00:00 AM,04/30/2019 12:00:00 AM,15,Boyacá,0,0,0,0,0
12/15/2021 12:00:00 AM,04/30/2019 12:00:00 AM,17,Caldas,0,0,0,0,0
12/15/2021 12:00:00 AM,04/30/2019 12:00:00 AM,18,Caquetá,0,0,0,0,0
12/15/2021 12:00:00 AM,04/30/2019 12:00:00 AM,85,Casanare,0,0,0,0,0
12/15/2021 12:00:00 AM,04/30/2019 12:00:00 AM,19,Cauca,0,0,0,0,0
12/15/2021 12:00:00 AM,04/30/2019 12:00:00 AM,20,Cesar,0,0,0,0,0
12/15/2021 12:00:00 AM,04/30/2019 12:00:00 AM,27,Chocó,0,0,0,0,0
12/15/2021 12:00:00 AM,04/30/2019 12:00:00 AM,23,Córdoba,0,0,0,0,0
12/15/2021 12:00:00 AM,04/30/2019 12:00:00 AM,25,Cundinamarca,0,0,0,0,0
12/15/2021 12:00:00 AM,04/30/2019 12:00:00 AM,94,Guainía,0,0,0,0,0
12/15/2021 12:00:00 AM,04/30/2019 12:00:00 AM,95,Guaviare,0,0,0,0,0
12/15/2021 12:00:00 AM,04/30/2019 12:00:00 AM,41,Huila,0,0,0,0,0
12/15/2021 12:00:00 AM,04/30/2019 12:00:00 AM,44,La Guajira,0,0,0,0,0
12/15/2021 12:00:00 AM,04/30/2019 12:00:00 AM,47,Magdalena,0,0,0,0,0
12/15/2021 12:00:00 AM,04/30/2019 12:00:00 AM,50,Meta,0,0,0,0,0
12/15/2021 12:00:00 AM,04/30/2019 12:00:00 AM,52,Nariño,0,0,0,0,0
12/15/2021 12:00:00 AM,04/30/2019 12:00:00 AM,54,Norte de Santander,0,0,0,0,0
12/15/2021 12:00:00 AM,04/30/2019 12:00:00 AM,86,Putumayo,0,0,0,0,0
12/15/2021 12:00:00 AM,04/30/2019 12:00:00 AM,63,Quindío,0,0,0,0,0
12/15/2021 12:00:00 AM,04/30/2019 12:00:00 AM,66,Risaralda,0,0,0,0,0
12/15/2021 12:00:00 AM,04/30/2019 12:00:00 AM,88,San Andrés y Providencia,0,0,0,0,0
12/15/2021 12:00:00 AM,04/30/2019 12:00:00 AM,68,Santander,0,0,0,0,0
12/15/2021 12:00:00 AM,04/30/2019 12:00:00 AM,70,Sucre,0,0,0,0,0
12/15/2021 12:00:00 AM,04/30/2019 12:00:00 AM,73,Tolima,0,0,0,0,0
12/15/2021 12:00:00 AM,04/30/2019 12:00:00 AM,76,Valle del Cauca,0,0,0,0,0
12/15/2021 12:00:00 AM,04/30/2019 12:00:00 AM,97,Vaupés,0,0,0,0,0
12/15/2021 12:00:00 AM,04/30/2019 12:00:00 AM,99,Vichada,0,0,0,0,0
12/15/2021 12:00:00 AM,04/30/2019 12:00:00 AM,0,Sin información,0,0,0,0,0
12/15/2021 12:00:00 AM,05/31/2019 12:00:00 AM,91,Amazonas,0,0,0,0,0
12/15/2021 12:00:00 AM,05/31/2019 12:00:00 AM,5,Antioquia,750,0,0,750,359061716
12/15/2021 12:00:00 AM,05/31/2019 12:00:00 AM,81,Arauca,1,0,0,1,178048000
12/15/2021 12:00:00 AM,05/31/2019 12:00:00 AM,8,Atlántico,0,0,0,0,0
12/15/2021 12:00:00 AM,05/31/2019 12:00:00 AM,11,Bogotá,0,0,0,0,0
12/15/2021 12:00:00 AM,05/31/2019 12:00:00 AM,13,Bolívar,5,0,0,5,740928000
12/15/2021 12:00:00 AM,05/31/2019 12:00:00 AM,15,Boyacá,235,0,0,235,123200000
12/15/2021 12:00:00 AM,05/31/2019 12:00:00 AM,17,Caldas,0,0,0,0,0
12/15/2021 12:00:00 AM,05/31/2019 12:00:00 AM,18,Caquetá,1340,0,0,1340,501600000
12/15/2021 12:00:00 AM,05/31/2019 12:00:00 AM,85,Casanare,41,0,0,41,9547567200
12/15/2021 12:00:00 AM,05/31/2019 12:00:00 AM,19,Cauca,205,0,0,205,575210000
12/15/2021 12:00:00 AM,05/31/2019 12:00:00 AM,20,Cesar,552,0,0,552,4279530000
12/15/2021 12:00:00 AM,05/31/2019 12:00:00 AM,27,Chocó,0,0,0,0,0
12/15/2021 12:00:00 AM,05/31/2019 12:00:00 AM,23,Córdoba,1158,0,0,1158,26776608223
12/15/2021 12:00:00 AM,05/31/2019 12:00:00 AM,25,Cundinamarca,0,0,0,0,0
12/15/2021 12:00:00 AM,05/31/2019 12:00:00 AM,94,Guainía,0,0,0,0,0
12/15/2021 12:00:00 AM,05/31/2019 12:00:00 AM,95,Guaviare,0,0,0,0,0
12/15/2021 12:00:00 AM,05/31/2019 12:00:00 AM,41,Huila,5,0,0,5,87640000
12/15/2021 12:00:00 AM,05/31/2019 12:00:00 AM,44,La Guajira,437,0,0,437,10100253111
12/15/2021 12:00:00 AM,05/31/2019 12:00:00 AM,47,Magdalena,82,0,0,82,2796999400
12/15/2021 12:00:00 AM,05/31/2019 12:00:00 AM,50,Meta,0,0,0,0,0
12/15/2021 12:00:00 AM,05/31/2019 12:00:00 AM,52,Nariño,300,0,0,300,2040000000
12/15/2021 12:00:00 AM,05/31/2019 12:00:00 AM,54,Norte de Santander,0,0,0,0,0
12/15/2021 12:00:00 AM,05/31/2019 12:00:00 AM,86,Putumayo,36,0,0,36,195000000
12/15/2021 12:00:00 AM,05/31/2019 12:00:00 AM,63,Quindío,19,0,0,19,83248750
12/15/2021 12:00:00 AM,05/31/2019 12:00:00 AM,66,Risaralda,119,0,0,119,493545000
12/15/2021 12:00:00 AM,05/31/2019 12:00:00 AM,88,San Andrés y Providencia,0,0,0,0,0
12/15/2021 12:00:00 AM,05/31/2019 12:00:00 AM,68,Santander,0,0,0,0,0
12/15/2021 12:00:00 AM,05/31/2019 12:00:00 AM,70,Sucre,525,0,0,525,3646125000
12/15/2021 12:00:00 AM,05/31/2019 12:00:00 AM,73,Tolima,287,0,0,287,375680000
12/15/2021 12:00:00 AM,05/31/2019 12:00:00 AM,76,Valle del Cauca,53,0,0,53,2611780000
12/15/2021 12:00:00 AM,05/31/2019 12:00:00 AM,97,Vaupés,0,0,0,0,0
12/15/2021 12:00:00 AM,05/31/2019 12:00:00 AM,99,Vichada,1,0,0,1,92820000
12/15/2021 12:00:00 AM,05/31/2019 12:00:00 AM,0,Sin información,0,0,0,0,0
12/15/2021 12:00:00 AM,06/30/2019 12:00:00 AM,91,Amazonas,0,0,0,0,0
12/15/2021 12:00:00 AM,06/30/2019 12:00:00 AM,5,Antioquia,12,0,0,12,1298700000
12/15/2021 12:00:00 AM,06/30/2019 12:00:00 AM,81,Arauca,0,0,0,0,0
12/15/2021 12:00:00 AM,06/30/2019 12:00:00 AM,8,Atlántico,0,0,0,0,0
12/15/2021 12:00:00 AM,06/30/2019 12:00:00 AM,11,Bogotá,0,0,0,0,0
12/15/2021 12:00:00 AM,06/30/2019 12:00:00 AM,13,Bolívar,62,0,0,62,21760000
12/15/2021 12:00:00 AM,06/30/2019 12:00:00 AM,15,Boyacá,499,0,0,499,0
12/15/2021 12:00:00 AM,06/30/2019 12:00:00 AM,17,Caldas,0,0,0,0,0
12/15/2021 12:00:00 AM,06/30/2019 12:00:00 AM,18,Caquetá,0,0,0,0,0
12/15/2021 12:00:00 AM,06/30/2019 12:00:00 AM,85,Casanare,0,0,0,0,0
12/15/2021 12:00:00 AM,06/30/2019 12:00:00 AM,19,Cauca,0,0,0,0,0
12/15/2021 12:00:00 AM,06/30/2019 12:00:00 AM,20,Cesar,0,0,0,0,0
12/15/2021 12:00:00 AM,06/30/2019 12:00:00 AM,27,Chocó,0,0,0,0,0
12/15/2021 12:00:00 AM,06/30/2019 12:00:00 AM,23,Córdoba,0,0,0,0,0
12/15/2021 12:00:00 AM,06/30/2019 12:00:00 AM,25,Cundinamarca,0,0,0,0,0
12/15/2021 12:00:00 AM,06/30/2019 12:00:00 AM,94,Guainía,0,0,0,0,0
12/15/2021 12:00:00 AM,06/30/2019 12:00:00 AM,95,Guaviare,0,0,0,0,0
12/15/2021 12:00:00 AM,06/30/2019 12:00:00 AM,41,Huila,0,0,0,0,0
12/15/2021 12:00:00 AM,06/30/2019 12:00:00 AM,44,La Guajira,0,0,0,0,0
12/15/2021 12:00:00 AM,06/30/2019 12:00:00 AM,47,Magdalena,0,0,0,0,0
12/15/2021 12:00:00 AM,06/30/2019 12:00:00 AM,50,Meta,0,0,0,0,0
12/15/2021 12:00:00 AM,06/30/2019 12:00:00 AM,52,Nariño,0,0,0,0,0
12/15/2021 12:00:00 AM,06/30/2019 12:00:00 AM,54,Norte de Santander,0,0,0,0,0
12/15/2021 12:00:00 AM,06/30/2019 12:00:00 AM,86,Putumayo,0,0,0,0,0
12/15/2021 12:00:00 AM,06/30/2019 12:00:00 AM,63,Quindío,0,0,0,0,0
12/15/2021 12:00:00 AM,06/30/2019 12:00:00 AM,66,Risaralda,0,0,0,0,0
12/15/2021 12:00:00 AM,06/30/2019 12:00:00 AM,88,San Andrés y Providencia,0,0,0,0,0
12/15/2021 12:00:00 AM,06/30/2019 12:00:00 AM,68,Santander,0,0,0,0,0
12/15/2021 12:00:00 AM,06/30/2019 12:00:00 AM,70,Sucre,0,0,0,0,0
12/15/2021 12:00:00 AM,06/30/2019 12:00:00 AM,73,Tolima,0,0,0,0,0
12/15/2021 12:00:00 AM,06/30/2019 12:00:00 AM,76,Valle del Cauca,0,0,0,0,0
12/15/2021 12:00:00 AM,06/30/2019 12:00:00 AM,97,Vaupés,0,0,0,0,0
12/15/2021 12:00:00 AM,06/30/2019 12:00:00 AM,99,Vichada,0,0,0,0,0
12/15/2021 12:00:00 AM,06/30/2019 12:00:00 AM,0,Sin información,0,0,0,0,0
12/15/2021 12:00:00 AM,07/31/2019 12:00:00 AM,91,Amazonas,0,0,0,0,0
12/15/2021 12:00:00 AM,07/31/2019 12:00:00 AM,5,Antioquia,249,0,0,249,13993100000
12/15/2021 12:00:00 AM,07/31/2019 12:00:00 AM,81,Arauca,233,0,0,233,4598300000
12/15/2021 12:00:00 AM,07/31/2019 12:00:00 AM,8,Atlántico,496,0,0,496,9301665940
12/15/2021 12:00:00 AM,07/31/2019 12:00:00 AM,11,Bogotá,0,0,0,0,0
12/15/2021 12:00:00 AM,07/31/2019 12:00:00 AM,13,Bolívar,963,0,0,963,10678999390
12/15/2021 12:00:00 AM,07/31/2019 12:00:00 AM,15,Boyacá,586,6,20,560,10153589520
12/15/2021 12:00:00 AM,07/31/2019 12:00:00 AM,17,Caldas,953,0,0,953,16958879013
12/15/2021 12:00:00 AM,07/31/2019 12:00:00 AM,18,Caquetá,0,0,0,0,0
12/15/2021 12:00:00 AM,07/31/2019 12:00:00 AM,85,Casanare,208,0,0,208,10290078800
12/15/2021 12:00:00 AM,07/31/2019 12:00:00 AM,19,Cauca,362,0,0,362,3963457924
12/15/2021 12:00:00 AM,07/31/2019 12:00:00 AM,20,Cesar,410,1,16,393,24582528118
12/15/2021 12:00:00 AM,07/31/2019 12:00:00 AM,27,Chocó,42,0,0,42,857600000
12/15/2021 12:00:00 AM,07/31/2019 12:00:00 AM,23,Córdoba,156,0,0,156,4743040000
12/15/2021 12:00:00 AM,07/31/2019 12:00:00 AM,25,Cundinamarca,221,0,0,221,4794215360
12/15/2021 12:00:00 AM,07/31/2019 12:00:00 AM,94,Guainía,10,0,0,10,112965000
12/15/2021 12:00:00 AM,07/31/2019 12:00:00 AM,95,Guaviare,169,0,0,169,4151211500
12/15/2021 12:00:00 AM,07/31/2019 12:00:00 AM,41,Huila,512,0,0,512,17421592000
12/15/2021 12:00:00 AM,07/31/2019 12:00:00 AM,44,La Guajira,525,0,0,525,1417516743
12/15/2021 12:00:00 AM,07/31/2019 12:00:00 AM,47,Magdalena,531,0,0,531,17116862154
12/15/2021 12:00:00 AM,07/31/2019 12:00:00 AM,50,Meta,559,0,0,559,14714150700
12/15/2021 12:00:00 AM,07/31/2019 12:00:00 AM,52,Nariño,620,0,0,620,12051363314
12/15/2021 12:00:00 AM,07/31/2019 12:00:00 AM,54,Norte de Santander,415,0,0,415,16991976100
12/15/2021 12:00:00 AM,07/31/2019 12:00:00 AM,86,Putumayo,0,0,0,0,0
12/15/2021 12:00:00 AM,07/31/2019 12:00:00 AM,63,Quindío,264,0,0,264,2295335430
12/15/2021 12:00:00 AM,07/31/2019 12:00:00 AM,66,Risaralda,666,0,0,666,19092734989
12/15/2021 12:00:00 AM,07/31/2019 12:00:00 AM,88,San Andrés y Providencia,0,0,0,0,0
12/15/2021 12:00:00 AM,07/31/2019 12:00:00 AM,68,Santander,280,0,0,280,11847619000
12/15/2021 12:00:00 AM,07/31/2019 12:00:00 AM,70,Sucre,447,0,0,447,8965266955
12/15/2021 12:00:00 AM,07/31/2019 12:00:00 AM,73,Tolima,367,0,0,367,4588262500
12/15/2021 12:00:00 AM,07/31/2019 12:00:00 AM,76,Valle del Cauca,669,0,0,669,20767606818
12/15/2021 12:00:00 AM,07/31/2019 12:00:00 AM,97,Vaupés,0,0,0,0,0
12/15/2021 12:00:00 AM,07/31/2019 12:00:00 AM,99,Vichada,30,0,0,30,3015751500
12/15/2021 12:00:00 AM,07/31/2019 12:00:00 AM,0,Sin información,0,0,0,0,0
12/15/2021 12:00:00 AM,08/31/2019 12:00:00 AM,91,Amazonas,0,0,0,0,0
12/15/2021 12:00:00 AM,08/31/2019 12:00:00 AM,5,Antioquia,38,0,0,38,0
12/15/2021 12:00:00 AM,08/31/2019 12:00:00 AM,81,Arauca,1,0,0,1,0
12/15/2021 12:00:00 AM,08/31/2019 12:00:00 AM,8,Atlántico,0,0,0,0,0
12/15/2021 12:00:00 AM,08/31/2019 12:00:00 AM,11,Bogotá,0,0,0,0,0
12/15/2021 12:00:00 AM,08/31/2019 12:00:00 AM,13,Bolívar,1,0,0,1,17625000
12/15/2021 12:00:00 AM,08/31/2019 12:00:00 AM,15,Boyacá,0,0,0,0,0
12/15/2021 12:00:00 AM,08/31/2019 12:00:00 AM,17,Caldas,3,0,0,3,341076000
12/15/2021 12:00:00 AM,08/31/2019 12:00:00 AM,18,Caquetá,0,0,0,0,0
12/15/2021 12:00:00 AM,08/31/2019 12:00:00 AM,85,Casanare,65,0,0,65,270000001
12/15/2021 12:00:00 AM,08/31/2019 12:00:00 AM,19,Cauca,1,0,0,1,0
12/15/2021 12:00:00 AM,08/31/2019 12:00:00 AM,20,Cesar,1,0,0,1,0
12/15/2021 12:00:00 AM,08/31/2019 12:00:00 AM,27,Chocó,0,0,0,0,0
12/15/2021 12:00:00 AM,08/31/2019 12:00:00 AM,23,Córdoba,6,0,0,6,139707500
12/15/2021 12:00:00 AM,08/31/2019 12:00:00 AM,25,Cundinamarca,12,0,0,12,0
12/15/2021 12:00:00 AM,08/31/2019 12:00:00 AM,94,Guainía,0,0,0,0,0
12/15/2021 12:00:00 AM,08/31/2019 12:00:00 AM,95,Guaviare,0,0,0,0,0
12/15/2021 12:00:00 AM,08/31/2019 12:00:00 AM,41,Huila,8,0,0,8,0
12/15/2021 12:00:00 AM,08/31/2019 12:00:00 AM,44,La Guajira,0,0,0,0,0
12/15/2021 12:00:00 AM,08/31/2019 12:00:00 AM,47,Magdalena,3,0,0,3,0
12/15/2021 12:00:00 AM,08/31/2019 12:00:00 AM,50,Meta,17,0,0,17,1938654000
12/15/2021 12:00:00 AM,08/31/2019 12:00:00 AM,52,Nariño,133,0,0,133,8812500
12/15/2021 12:00:00 AM,08/31/2019 12:00:00 AM,54,Norte de Santander,0,0,0,0,0
12/15/2021 12:00:00 AM,08/31/2019 12:00:00 AM,86,Putumayo,0,0,0,0,0
12/15/2021 12:00:00 AM,08/31/2019 12:00:00 AM,63,Quindío,0,0,0,0,0
12/15/2021 12:00:00 AM,08/31/2019 12:00:00 AM,66,Risaralda,2,0,0,2,0
12/15/2021 12:00:00 AM,08/31/2019 12:00:00 AM,88,San Andrés y Providencia,0,0,0,0,0
12/15/2021 12:00:00 AM,08/31/2019 12:00:00 AM,68,Santander,35,0,0,35,166000000
12/15/2021 12:00:00 AM,08/31/2019 12:00:00 AM,70,Sucre,32,0,0,32,525787500
12/15/2021 12:00:00 AM,08/31/2019 12:00:00 AM,73,Tolima,0,0,0,0,0
12/15/2021 12:00:00 AM,08/31/2019 12:00:00 AM,76,Valle del Cauca,4,0,0,4,0
12/15/2021 12:00:00 AM,08/31/2019 12:00:00 AM,97,Vaupés,0,0,0,0,0
12/15/2021 12:00:00 AM,08/31/2019 12:00:00 AM,99,Vichada,10,0,0,10,304000110
12/15/2021 12:00:00 AM,08/31/2019 12:00:00 AM,0,Sin información,0,0,0,0,0
12/15/2021 12:00:00 AM,09/30/2019 12:00:00 AM,91,Amazonas,0,0,0,0,0
12/15/2021 12:00:00 AM,09/30/2019 12:00:00 AM,5,Antioquia,53,3,7,43,1542226380
12/15/2021 12:00:00 AM,09/30/2019 12:00:00 AM,81,Arauca,0,0,0,0,0
12/15/2021 12:00:00 AM,09/30/2019 12:00:00 AM,8,Atlántico,0,0,0,0,0
12/15/2021 12:00:00 AM,09/30/2019 12:00:00 AM,11,Bogotá,0,0,0,0,0
12/15/2021 12:00:00 AM,09/30/2019 12:00:00 AM,13,Bolívar,92,0,0,92,23940000
12/15/2021 12:00:00 AM,09/30/2019 12:00:00 AM,15,Boyacá,173,0,0,173,458202000
12/15/2021 12:00:00 AM,09/30/2019 12:00:00 AM,17,Caldas,17,0,0,17,202500000
12/15/2021 12:00:00 AM,09/30/2019 12:00:00 AM,18,Caquetá,0,0,0,0,0
12/15/2021 12:00:00 AM,09/30/2019 12:00:00 AM,85,Casanare,0,0,0,0,0
12/15/2021 12:00:00 AM,09/30/2019 12:00:00 AM,19,Cauca,419,18,62,339,205889000
12/15/2021 12:00:00 AM,09/30/2019 12:00:00 AM,20,Cesar,2,0,0,2,76444000
12/15/2021 12:00:00 AM,09/30/2019 12:00:00 AM,27,Chocó,0,0,0,0,0
12/15/2021 12:00:00 AM,09/30/2019 12:00:00 AM,23,Córdoba,43,0,0,43,1068080000
12/15/2021 12:00:00 AM,09/30/2019 12:00:00 AM,25,Cundinamarca,22,0,0,22,340000000
12/15/2021 12:00:00 AM,09/30/2019 12:00:00 AM,94,Guainía,0,0,0,0,0
12/15/2021 12:00:00 AM,09/30/2019 12:00:00 AM,95,Guaviare,20,0,0,20,70000000
12/15/2021 12:00:00 AM,09/30/2019 12:00:00 AM,41,Huila,0,0,0,0,0
12/15/2021 12:00:00 AM,09/30/2019 12:00:00 AM,44,La Guajira,0,0,0,0,0
12/15/2021 12:00:00 AM,09/30/2019 12:00:00 AM,47,Magdalena,0,0,0,0,0
12/15/2021 12:00:00 AM,09/30/2019 12:00:00 AM,50,Meta,118,0,0,118,1075300000
12/15/2021 12:00:00 AM,09/30/2019 12:00:00 AM,52,Nariño,5,0,0,5,142269600
12/15/2021 12:00:00 AM,09/30/2019 12:00:00 AM,54,Norte de Santander,0,0,0,0,0
12/15/2021 12:00:00 AM,09/30/2019 12:00:00 AM,86,Putumayo,141,46,94,1,77012800
12/15/2021 12:00:00 AM,09/30/2019 12:00:00 AM,63,Quindío,0,0,0,0,0
12/15/2021 12:00:00 AM,09/30/2019 12:00:00 AM,66,Risaralda,15,0,0,15,105000000
12/15/2021 12:00:00 AM,09/30/2019 12:00:00 AM,88,San Andrés y Providencia,0,0,0,0,0
12/15/2021 12:00:00 AM,09/30/2019 12:00:00 AM,68,Santander,30,0,0,30,9450000
12/15/2021 12:00:00 AM,09/30/2019 12:00:00 AM,70,Sucre,0,0,0,0,0
12/15/2021 12:00:00 AM,09/30/2019 12:00:00 AM,73,Tolima,47,0,0,47,136368000
12/15/2021 12:00:00 AM,09/30/2019 12:00:00 AM,76,Valle del Cauca,51,0,0,51,18000000
12/15/2021 12:00:00 AM,09/30/2019 12:00:00 AM,97,Vaupés,0,0,0,0,0
12/15/2021 12:00:00 AM,09/30/2019 12:00:00 AM,99,Vichada,0,0,0,0,0
12/15/2021 12:00:00 AM,09/30/2019 12:00:00 AM,0,Sin información,0,0,0,0,0
12/15/2021 12:00:00 AM,10/31/2019 12:00:00 AM,91,Amazonas,0,0,0,0,0
12/15/2021 12:00:00 AM,10/31/2019 12:00:00 AM,5,Antioquia,293,5,29,259,1020249832
12/15/2021 12:00:00 AM,10/31/2019 12:00:00 AM,81,Arauca,7,0,0,7,113200000
12/15/2021 12:00:00 AM,10/31/2019 12:00:00 AM,8,Atlántico,1,0,0,1,0
12/15/2021 12:00:00 AM,10/31/2019 12:00:00 AM,11,Bogotá,0,0,0,0,0
12/15/2021 12:00:00 AM,10/31/2019 12:00:00 AM,13,Bolívar,77,0,0,77,107605000
12/15/2021 12:00:00 AM,10/31/2019 12:00:00 AM,15,Boyacá,110,4,61,45,31470900
12/15/2021 12:00:00 AM,10/31/2019 12:00:00 AM,17,Caldas,0,0,0,0,0
12/15/2021 12:00:00 AM,10/31/2019 12:00:00 AM,18,Caquetá,24,2,5,17,22321088
12/15/2021 12:00:00 AM,10/31/2019 12:00:00 AM,85,Casanare,91,30,61,0,96000000
12/15/2021 12:00:00 AM,10/31/2019 12:00:00 AM,19,Cauca,130,103,27,0,2240000
12/15/2021 12:00:00 AM,10/31/2019 12:00:00 AM,20,Cesar,0,0,0,0,0
12/15/2021 12:00:00 AM,10/31/2019 12:00:00 AM,27,Chocó,17,0,0,17,44000000
12/15/2021 12:00:00 AM,10/31/2019 12:00:00 AM,23,Córdoba,42,16,26,0,149680000
12/15/2021 12:00:00 AM,10/31/2019 12:00:00 AM,25,Cundinamarca,0,0,0,0,0
12/15/2021 12:00:00 AM,10/31/2019 12:00:00 AM,94,Guainía,30,0,0,30,7040000
12/15/2021 12:00:00 AM,10/31/2019 12:00:00 AM,95,Guaviare,0,0,0,0,0
12/15/2021 12:00:00 AM,10/31/2019 12:00:00 AM,41,Huila,36,8,26,2,0
12/15/2021 12:00:00 AM,10/31/2019 12:00:00 AM,44,La Guajira,13,7,6,0,67800000
12/15/2021 12:00:00 AM,10/31/2019 12:00:00 AM,47,Magdalena,2,0,0,2,0
12/15/2021 12:00:00 AM,10/31/2019 12:00:00 AM,50,Meta,427,0,0,427,251829329
12/15/2021 12:00:00 AM,10/31/2019 12:00:00 AM,52,Nariño,0,0,0,0,0
12/15/2021 12:00:00 AM,10/31/2019 12:00:00 AM,54,Norte de Santander,37,0,0,37,661544840
12/15/2021 12:00:00 AM,10/31/2019 12:00:00 AM,86,Putumayo,15,0,0,15,121500000
12/15/2021 12:00:00 AM,10/31/2019 12:00:00 AM,63,Quindío,32,0,1,31,270000000
12/15/2021 12:00:00 AM,10/31/2019 12:00:00 AM,66,Risaralda,64,0,4,60,60447860
12/15/2021 12:00:00 AM,10/31/2019 12:00:00 AM,88,San Andrés y Providencia,0,0,0,0,0
12/15/2021 12:00:00 AM,10/31/2019 12:00:00 AM,68,Santander,100,0,6,94,59295000
12/15/2021 12:00:00 AM,10/31/2019 12:00:00 AM,70,Sucre,198,0,0,198,100000000
12/15/2021 12:00:00 AM,10/31/2019 12:00:00 AM,73,Tolima,42,0,0,42,926724100
12/15/2021 12:00:00 AM,10/31/2019 12:00:00 AM,76,Valle del Cauca,100,1,7,92,1400389030
12/15/2021 12:00:00 AM,10/31/2019 12:00:00 AM,97,Vaupés,130,0,0,130,140000000
12/15/2021 12:00:00 AM,10/31/2019 12:00:00 AM,99,Vichada,3,0,0,3,47985071
12/15/2021 12:00:00 AM,10/31/2019 12:00:00 AM,0,Sin información,0,0,0,0,0
12/15/2021 12:00:00 AM,11/30/2019 12:00:00 AM,91,Amazonas,150,0,0,150,3728100000
12/15/2021 12:00:00 AM,11/30/2019 12:00:00 AM,5,Antioquia,524,74,440,10,371468000
12/15/2021 12:00:00 AM,11/30/2019 12:00:00 AM,81,Arauca,0,0,0,0,0
12/15/2021 12:00:00 AM,11/30/2019 12:00:00 AM,8,Atlántico,26,0,0,26,0
12/15/2021 12:00:00 AM,11/30/2019 12:00:00 AM,11,Bogotá,0,0,0,0,0
12/15/2021 12:00:00 AM,11/30/2019 12:00:00 AM,13,Bolívar,0,0,0,0,0
12/15/2021 12:00:00 AM,11/30/2019 12:00:00 AM,15,Boyacá,200,0,0,200,5148005936
12/15/2021 12:00:00 AM,11/30/2019 12:00:00 AM,17,Caldas,0,0,0,0,0
12/15/2021 12:00:00 AM,11/30/2019 12:00:00 AM,18,Caquetá,258,0,0,258,12298656800
12/15/2021 12:00:00 AM,11/30/2019 12:00:00 AM,85,Casanare,62,0,0,62,3508920
12/15/2021 12:00:00 AM,11/30/2019 12:00:00 AM,19,Cauca,180,25,33,122,1037814135
12/15/2021 12:00:00 AM,11/30/2019 12:00:00 AM,20,Cesar,0,0,0,0,0
12/15/2021 12:00:00 AM,11/30/2019 12:00:00 AM,27,Chocó,0,0,0,0,0
12/15/2021 12:00:00 AM,11/30/2019 12:00:00 AM,23,Córdoba,135,12,59,64,309546000
12/15/2021 12:00:00 AM,11/30/2019 12:00:00 AM,25,Cundinamarca,76,6,10,60,523808000
12/15/2021 12:00:00 AM,11/30/2019 12:00:00 AM,94,Guainía,0,0,0,0,0
12/15/2021 12:00:00 AM,11/30/2019 12:00:00 AM,95,Guaviare,71,0,0,71,572592000
12/15/2021 12:00:00 AM,11/30/2019 12:00:00 AM,41,Huila,99,0,0,99,2127706152
12/15/2021 12:00:00 AM,11/30/2019 12:00:00 AM,44,La Guajira,14,6,8,0,200000000
12/15/2021 12:00:00 AM,11/30/2019 12:00:00 AM,47,Magdalena,130,46,72,12,205200000
12/15/2021 12:00:00 AM,11/30/2019 12:00:00 AM,50,Meta,192,0,0,192,2759509220
12/15/2021 12:00:00 AM,11/30/2019 12:00:00 AM,52,Nariño,142,0,0,142,839228000
12/15/2021 12:00:00 AM,11/30/2019 12:00:00 AM,54,Norte de Santander,0,0,0,0,0
12/15/2021 12:00:00 AM,11/30/2019 12:00:00 AM,86,Putumayo,529,0,0,529,12402090000
12/15/2021 12:00:00 AM,11/30/2019 12:00:00 AM,63,Quindío,0,0,0,0,0
12/15/2021 12:00:00 AM,11/30/2019 12:00:00 AM,66,Risaralda,17,6,11,0,8000000
12/15/2021 12:00:00 AM,11/30/2019 12:00:00 AM,88,San Andrés y Providencia,0,0,0,0,0
12/15/2021 12:00:00 AM,11/30/2019 12:00:00 AM,68,Santander,1,0,0,1,0
12/15/2021 12:00:00 AM,11/30/2019 12:00:00 AM,70,Sucre,0,0,0,0,0
12/15/2021 12:00:00 AM,11/30/2019 12:00:00 AM,73,Tolima,878,0,0,878,34876179000
12/15/2021 12:00:00 AM,11/30/2019 12:00:00 AM,76,Valle del Cauca,50,0,0,50,146356320
12/15/2021 12:00:00 AM,11/30/2019 12:00:00 AM,97,Vaupés,0,0,0,0,0
12/15/2021 12:00:00 AM,11/30/2019 12:00:00 AM,99,Vichada,56,4,13,39,713400000
12/15/2021 12:00:00 AM,11/30/2019 12:00:00 AM,0,Sin información,0,0,0,0,0
12/15/2021 12:00:00 AM,12/31/2019 12:00:00 AM,91,Amazonas,0,0,0,0,0
12/15/2021 12:00:00 AM,12/31/2019 12:00:00 AM,5,Antioquia,40,33,40,-33,1992768
12/15/2021 12:00:00 AM,12/31/2019 12:00:00 AM,81,Arauca,6,0,0,6,470780000
12/15/2021 12:00:00 AM,12/31/2019 12:00:00 AM,8,Atlántico,131,23,108,0,488569088
12/15/2021 12:00:00 AM,12/31/2019 12:00:00 AM,11,Bogotá,0,0,0,0,0
12/15/2021 12:00:00 AM,12/31/2019 12:00:00 AM,13,Bolívar,513,121,193,199,1370919000
12/15/2021 12:00:00 AM,12/31/2019 12:00:00 AM,15,Boyacá,0,0,0,0,0
12/15/2021 12:00:00 AM,12/31/2019 12:00:00 AM,17,Caldas,2,0,0,2,237324000
12/15/2021 12:00:00 AM,12/31/2019 12:00:00 AM,18,Caquetá,0,0,0,0,0
12/15/2021 12:00:00 AM,12/31/2019 12:00:00 AM,85,Casanare,106,23,83,0,508796680
12/15/2021 12:00:00 AM,12/31/2019 12:00:00 AM,19,Cauca,685,27,66,592,709517796
12/15/2021 12:00:00 AM,12/31/2019 12:00:00 AM,20,Cesar,200,39,161,0,10567111560
12/15/2021 12:00:00 AM,12/31/2019 12:00:00 AM,27,Chocó,943,0,0,943,31253000
12/15/2021 12:00:00 AM,12/31/2019 12:00:00 AM,23,Córdoba,0,0,0,0,0
12/15/2021 12:00:00 AM,12/31/2019 12:00:00 AM,25,Cundinamarca,0,0,0,0,0
12/15/2021 12:00:00 AM,12/31/2019 12:00:00 AM,94,Guainía,10,0,0,10,112965000
12/15/2021 12:00:00 AM,12/31/2019 12:00:00 AM,95,Guaviare,0,0,0,0,0
12/15/2021 12:00:00 AM,12/31/2019 12:00:00 AM,41,Huila,376,249,127,0,157412258
12/15/2021 12:00:00 AM,12/31/2019 12:00:00 AM,44,La Guajira,0,0,0,0,0
12/15/2021 12:00:00 AM,12/31/2019 12:00:00 AM,47,Magdalena,119,24,95,0,569135880
12/15/2021 12:00:00 AM,12/31/2019 12:00:00 AM,50,Meta,322,80,142,100,891195500
12/15/2021 12:00:00 AM,12/31/2019 12:00:00 AM,52,Nariño,67,10,57,0,31599585
12/15/2021 12:00:00 AM,12/31/2019 12:00:00 AM,54,Norte de Santander,148,31,117,0,11960850000
12/15/2021 12:00:00 AM,12/31/2019 12:00:00 AM,86,Putumayo,0,0,0,0,0
12/15/2021 12:00:00 AM,12/31/2019 12:00:00 AM,63,Quindío,2,0,0,2,270000000
12/15/2021 12:00:00 AM,12/31/2019 12:00:00 AM,66,Risaralda,3,0,0,3,105000000
12/15/2021 12:00:00 AM,12/31/2019 12:00:00 AM,88,San Andrés y Providencia,0,0,0,0,0
12/15/2021 12:00:00 AM,12/31/2019 12:00:00 AM,68,Santander,654,0,0,654,27000000
12/15/2021 12:00:00 AM,12/31/2019 12:00:00 AM,70,Sucre,79,1,0,78,42600000
12/15/2021 12:00:00 AM,12/31/2019 12:00:00 AM,73,Tolima,437,63,125,249,951370482
12/15/2021 12:00:00 AM,12/31/2019 12:00:00 AM,76,Valle del Cauca,0,0,0,0,0
12/15/2021 12:00:00 AM,12/31/2019 12:00:00 AM,97,Vaupés,0,0,0,0,0
12/15/2021 12:00:00 AM,12/31/2019 12:00:00 AM,99,Vichada,59,10,30,19,446525000
12/15/2021 12:00:00 AM,12/31/2019 12:00:00 AM,0,Sin información,0,0,0,0,0
12/15/2021 12:00:00 AM,01/31/2020 12:00:00 AM,91,Amazonas,0,0,0,0,0
12/15/2021 12:00:00 AM,01/31/2020 12:00:00 AM,5,Antioquia,197,53,144,0,1256449080
12/15/2021 12:00:00 AM,01/31/2020 12:00:00 AM,81,Arauca,34,0,0,34,2621315193
12/15/2021 12:00:00 AM,01/31/2020 12:00:00 AM,8,Atlántico,0,0,0,0,0
12/15/2021 12:00:00 AM,01/31/2020 12:00:00 AM,11,Bogotá,0,0,0,0,0
12/15/2021 12:00:00 AM,01/31/2020 12:00:00 AM,13,Bolívar,143,49,94,0,266923800
12/15/2021 12:00:00 AM,01/31/2020 12:00:00 AM,15,Boyacá,629,172,457,0,1631712600
12/15/2021 12:00:00 AM,01/31/2020 12:00:00 AM,17,Caldas,0,0,0,0,0
12/15/2021 12:00:00 AM,01/31/2020 12:00:00 AM,18,Caquetá,0,0,0,0,0
12/15/2021 12:00:00 AM,01/31/2020 12:00:00 AM,85,Casanare,641,51,92,498,41577737823
12/15/2021 12:00:00 AM,01/31/2020 12:00:00 AM,19,Cauca,491,39,111,341,29206351536
12/15/2021 12:00:00 AM,01/31/2020 12:00:00 AM,20,Cesar,147,28,119,0,394505100
12/15/2021 12:00:00 AM,01/31/2020 12:00:00 AM,27,Chocó,0,0,0,0,0
12/15/2021 12:00:00 AM,01/31/2020 12:00:00 AM,23,Córdoba,155,34,121,0,478929200
12/15/2021 12:00:00 AM,01/31/2020 12:00:00 AM,25,Cundinamarca,380,149,231,0,4371862000
12/15/2021 12:00:00 AM,01/31/2020 12:00:00 AM,94,Guainía,0,0,0,0,0
12/15/2021 12:00:00 AM,01/31/2020 12:00:00 AM,95,Guaviare,0,0,0,0,0
12/15/2021 12:00:00 AM,01/31/2020 12:00:00 AM,41,Huila,300,81,219,0,1698838350
12/15/2021 12:00:00 AM,01/31/2020 12:00:00 AM,44,La Guajira,0,0,0,0,0
12/15/2021 12:00:00 AM,01/31/2020 12:00:00 AM,47,Magdalena,304,68,236,0,28654307629
12/15/2021 12:00:00 AM,01/31/2020 12:00:00 AM,50,Meta,270,0,0,270,20816326531
12/15/2021 12:00:00 AM,01/31/2020 12:00:00 AM,52,Nariño,404,139,187,78,8098325442
12/15/2021 12:00:00 AM,01/31/2020 12:00:00 AM,54,Norte de Santander,0,0,0,0,0
12/15/2021 12:00:00 AM,01/31/2020 12:00:00 AM,86,Putumayo,0,0,0,0,0
12/15/2021 12:00:00 AM,01/31/2020 12:00:00 AM,63,Quindío,0,0,0,0,0
12/15/2021 12:00:00 AM,01/31/2020 12:00:00 AM,66,Risaralda,0,0,0,0,0
12/15/2021 12:00:00 AM,01/31/2020 12:00:00 AM,88,San Andrés y Providencia,0,0,0,0,0
12/15/2021 12:00:00 AM,01/31/2020 12:00:00 AM,68,Santander,594,307,287,0,5015034325
12/15/2021 12:00:00 AM,01/31/2020 12:00:00 AM,70,Sucre,0,0,0,0,0
12/15/2021 12:00:00 AM,01/31/2020 12:00:00 AM,73,Tolima,116,0,0,116,176930638
12/15/2021 12:00:00 AM,01/31/2020 12:00:00 AM,76,Valle del Cauca,558,6,15,537,43753360544
12/15/2021 12:00:00 AM,01/31/2020 12:00:00 AM,97,Vaupés,0,0,0,0,0
12/15/2021 12:00:00 AM,01/31/2020 12:00:00 AM,99,Vichada,0,0,0,0,0
12/15/2021 12:00:00 AM,01/31/2020 12:00:00 AM,0,Sin información,0,0,0,0,0
12/15/2021 12:00:00 AM,02/29/2020 12:00:00 AM,91,Amazonas,0,0,0,0,0
12/15/2021 12:00:00 AM,02/29/2020 12:00:00 AM,5,Antioquia,318,27,88,203,40704392630
12/15/2021 12:00:00 AM,02/29/2020 12:00:00 AM,81,Arauca,0,0,0,0,0
12/15/2021 12:00:00 AM,02/29/2020 12:00:00 AM,8,Atlántico,425,99,326,0,9272500
12/15/2021 12:00:00 AM,02/29/2020 12:00:00 AM,11,Bogotá,0,0,0,0,0
12/15/2021 12:00:00 AM,02/29/2020 12:00:00 AM,13,Bolívar,700,42,51,607,10416209942
12/15/2021 12:00:00 AM,02/29/2020 12:00:00 AM,15,Boyacá,682,125,192,365,4321305713
12/15/2021 12:00:00 AM,02/29/2020 12:00:00 AM,17,Caldas,3024,59,213,2752,58878822130
12/15/2021 12:00:00 AM,02/29/2020 12:00:00 AM,18,Caquetá,74,21,53,0,36663264
12/15/2021 12:00:00 AM,02/29/2020 12:00:00 AM,85,Casanare,8,2,1,5,523223500
12/15/2021 12:00:00 AM,02/29/2020 12:00:00 AM,19,Cauca,643,238,405,0,186520500
12/15/2021 12:00:00 AM,02/29/2020 12:00:00 AM,20,Cesar,46,21,22,3,338638800
12/15/2021 12:00:00 AM,02/29/2020 12:00:00 AM,27,Chocó,49,16,32,1,444320000
12/15/2021 12:00:00 AM,02/29/2020 12:00:00 AM,23,Córdoba,294,17,117,160,2933959297
12/15/2021 12:00:00 AM,02/29/2020 12:00:00 AM,25,Cundinamarca,534,185,347,2,499215898
12/15/2021 12:00:00 AM,02/29/2020 12:00:00 AM,94,Guainía,12,5,7,0,9900800
12/15/2021 12:00:00 AM,02/29/2020 12:00:00 AM,95,Guaviare,30,9,21,0,16000000
12/15/2021 12:00:00 AM,02/29/2020 12:00:00 AM,41,Huila,113,0,0,113,6770283566
12/15/2021 12:00:00 AM,02/29/2020 12:00:00 AM,44,La Guajira,79,23,56,0,6160000
12/15/2021 12:00:00 AM,02/29/2020 12:00:00 AM,47,Magdalena,135,23,55,57,26588587407
12/15/2021 12:00:00 AM,02/29/2020 12:00:00 AM,50,Meta,91,30,55,6,1013522600
12/15/2021 12:00:00 AM,02/29/2020 12:00:00 AM,52,Nariño,143,11,19,113,1986524476
12/15/2021 12:00:00 AM,02/29/2020 12:00:00 AM,54,Norte de Santander,367,34,109,224,1584810000
12/15/2021 12:00:00 AM,02/29/2020 12:00:00 AM,86,Putumayo,156,27,16,113,2563724476
12/15/2021 12:00:00 AM,02/29/2020 12:00:00 AM,63,Quindío,2,0,0,2,130200000
12/15/2021 12:00:00 AM,02/29/2020 12:00:00 AM,66,Risaralda,133,2,15,116,1462469000
12/15/2021 12:00:00 AM,02/29/2020 12:00:00 AM,88,San Andrés y Providencia,16,16,0,0,202500
12/15/2021 12:00:00 AM,02/29/2020 12:00:00 AM,68,Santander,1051,18,38,995,9460082500
12/15/2021 12:00:00 AM,02/29/2020 12:00:00 AM,70,Sucre,513,20,215,278,1668091000
12/15/2021 12:00:00 AM,02/29/2020 12:00:00 AM,73,Tolima,281,25,255,1,654806540
12/15/2021 12:00:00 AM,02/29/2020 12:00:00 AM,76,Valle del Cauca,6,0,0,6,4457880000
12/15/2021 12:00:00 AM,02/29/2020 12:00:00 AM,97,Vaupés,0,0,0,0,0
12/15/2021 12:00:00 AM,02/29/2020 12:00:00 AM,99,Vichada,1,0,0,1,0
12/15/2021 12:00:00 AM,02/29/2020 12:00:00 AM,0,Sin información,0,0,0,0,0
12/15/2021 12:00:00 AM,03/31/2020 12:00:00 AM,91,Amazonas,0,0,0,0,0
12/15/2021 12:00:00 AM,03/31/2020 12:00:00 AM,5,Antioquia,589,0,0,589,5913295958
12/15/2021 12:00:00 AM,03/31/2020 12:00:00 AM,81,Arauca,0,0,0,0,0
12/15/2021 12:00:00 AM,03/31/2020 12:00:00 AM,8,Atlántico,0,0,0,0,0
12/15/2021 12:00:00 AM,03/31/2020 12:00:00 AM,11,Bogotá,0,0,0,0,0
12/15/2021 12:00:00 AM,03/31/2020 12:00:00 AM,13,Bolívar,57,12,16,29,142446560
12/15/2021 12:00:00 AM,03/31/2020 12:00:00 AM,15,Boyacá,104,0,0,104,1564261950
12/15/2021 12:00:00 AM,03/31/2020 12:00:00 AM,17,Caldas,106,0,0,106,1215834459
12/15/2021 12:00:00 AM,03/31/2020 12:00:00 AM,18,Caquetá,0,0,0,0,0
12/15/2021 12:00:00 AM,03/31/2020 12:00:00 AM,85,Casanare,0,0,0,0,0
12/15/2021 12:00:00 AM,03/31/2020 12:00:00 AM,19,Cauca,24,0,0,24,267820000
12/15/2021 12:00:00 AM,03/31/2020 12:00:00 AM,20,Cesar,0,0,0,0,0
12/15/2021 12:00:00 AM,03/31/2020 12:00:00 AM,27,Chocó,0,0,0,0,0
12/15/2021 12:00:00 AM,03/31/2020 12:00:00 AM,23,Córdoba,75,0,0,75,344898000
12/15/2021 12:00:00 AM,03/31/2020 12:00:00 AM,25,Cundinamarca,5,0,0,5,21427672
12/15/2021 12:00:00 AM,03/31/2020 12:00:00 AM,94,Guainía,47,22,25,0,28951620
12/15/2021 12:00:00 AM,03/31/2020 12:00:00 AM,95,Guaviare,0,0,0,0,0
12/15/2021 12:00:00 AM,03/31/2020 12:00:00 AM,41,Huila,0,0,0,0,0
12/15/2021 12:00:00 AM,03/31/2020 12:00:00 AM,44,La Guajira,0,0,0,0,0
12/15/2021 12:00:00 AM,03/31/2020 12:00:00 AM,47,Magdalena,0,0,0,0,0
12/15/2021 12:00:00 AM,03/31/2020 12:00:00 AM,50,Meta,0,0,0,0,0
12/15/2021 12:00:00 AM,03/31/2020 12:00:00 AM,52,Nariño,96,0,0,96,92758000
12/15/2021 12:00:00 AM,03/31/2020 12:00:00 AM,54,Norte de Santander,0,0,0,0,0
12/15/2021 12:00:00 AM,03/31/2020 12:00:00 AM,86,Putumayo,31,18,13,0,429300000
12/15/2021 12:00:00 AM,03/31/2020 12:00:00 AM,63,Quindío,97,0,0,97,299768791
12/15/2021 12:00:00 AM,03/31/2020 12:00:00 AM,66,Risaralda,273,0,0,273,3447394142
12/15/2021 12:00:00 AM,03/31/2020 12:00:00 AM,88,San Andrés y Providencia,0,0,0,0,0
12/15/2021 12:00:00 AM,03/31/2020 12:00:00 AM,68,Santander,91,0,0,91,281369220
12/15/2021 12:00:00 AM,03/31/2020 12:00:00 AM,70,Sucre,57,0,0,57,93607500
12/15/2021 12:00:00 AM,03/31/2020 12:00:00 AM,73,Tolima,0,0,0,0,0
12/15/2021 12:00:00 AM,03/31/2020 12:00:00 AM,76,Valle del Cauca,167,0,0,167,1026354494
12/15/2021 12:00:00 AM,03/31/2020 12:00:00 AM,97,Vaupés,0,0,0,0,0
12/15/2021 12:00:00 AM,03/31/2020 12:00:00 AM,99,Vichada,0,0,0,0,0
12/15/2021 12:00:00 AM,03/31/2020 12:00:00 AM,0,Sin información,0,0,0,0,0
12/15/2021 12:00:00 AM,04/30/2020 12:00:00 AM,91,Amazonas,5,2,3,0,5702400
12/15/2021 12:00:00 AM,04/30/2020 12:00:00 AM,5,Antioquia,68,0,0,68,0
12/15/2021 12:00:00 AM,04/30/2020 12:00:00 AM,81,Arauca,138,3,133,2,1604900000
12/15/2021 12:00:00 AM,04/30/2020 12:00:00 AM,8,Atlántico,0,0,0,0,0
12/15/2021 12:00:00 AM,04/30/2020 12:00:00 AM,11,Bogotá,0,0,0,0,0
12/15/2021 12:00:00 AM,04/30/2020 12:00:00 AM,13,Bolívar,0,0,0,0,0
12/15/2021 12:00:00 AM,04/30/2020 12:00:00 AM,15,Boyacá,0,0,0,0,0
12/15/2021 12:00:00 AM,04/30/2020 12:00:00 AM,17,Caldas,3,0,0,3,0
12/15/2021 12:00:00 AM,04/30/2020 12:00:00 AM,18,Caquetá,1,0,0,1,0
12/15/2021 12:00:00 AM,04/30/2020 12:00:00 AM,85,Casanare,46,8,29,9,480000000
12/15/2021 12:00:00 AM,04/30/2020 12:00:00 AM,19,Cauca,1315,441,874,0,7739020
12/15/2021 12:00:00 AM,04/30/2020 12:00:00 AM,20,Cesar,1,0,0,1,0
12/15/2021 12:00:00 AM,04/30/2020 12:00:00 AM,27,Chocó,2,0,0,2,0
12/15/2021 12:00:00 AM,04/30/2020 12:00:00 AM,23,Córdoba,1,0,0,1,0
12/15/2021 12:00:00 AM,04/30/2020 12:00:00 AM,25,Cundinamarca,0,0,0,0,0
12/15/2021 12:00:00 AM,04/30/2020 12:00:00 AM,94,Guainía,16,0,16,0,15240000
12/15/2021 12:00:00 AM,04/30/2020 12:00:00 AM,95,Guaviare,22,13,9,0,50750000
12/15/2021 12:00:00 AM,04/30/2020 12:00:00 AM,41,Huila,33,0,0,33,0
12/15/2021 12:00:00 AM,04/30/2020 12:00:00 AM,44,La Guajira,0,0,0,0,0
12/15/2021 12:00:00 AM,04/30/2020 12:00:00 AM,47,Magdalena,78,26,42,10,154686391
12/15/2021 12:00:00 AM,04/30/2020 12:00:00 AM,50,Meta,4,0,0,4,0
12/15/2021 12:00:00 AM,04/30/2020 12:00:00 AM,52,Nariño,0,0,0,0,0
12/15/2021 12:00:00 AM,04/30/2020 12:00:00 AM,54,Norte de Santander,0,0,0,0,0
12/15/2021 12:00:00 AM,04/30/2020 12:00:00 AM,86,Putumayo,0,0,0,0,0
12/15/2021 12:00:00 AM,04/30/2020 12:00:00 AM,63,Quindío,3,0,0,3,0
12/15/2021 12:00:00 AM,04/30/2020 12:00:00 AM,66,Risaralda,14,0,0,14,0
12/15/2021 12:00:00 AM,04/30/2020 12:00:00 AM,88,San Andrés y Providencia,0,0,0,0,0
12/15/2021 12:00:00 AM,04/30/2020 12:00:00 AM,68,Santander,1,0,0,1,0
12/15/2021 12:00:00 AM,04/30/2020 12:00:00 AM,70,Sucre,3,0,0,3,0
12/15/2021 12:00:00 AM,04/30/2020 12:00:00 AM,73,Tolima,2,0,0,2,0
12/15/2021 12:00:00 AM,04/30/2020 12:00:00 AM,76,Valle del Cauca,9,0,0,9,0
12/15/2021 12:00:00 AM,04/30/2020 12:00:00 AM,97,Vaupés,25,3,22,0,80750000
12/15/2021 12:00:00 AM,04/30/2020 12:00:00 AM,99,Vichada,10,4,6,0,27950000
12/15/2021 12:00:00 AM,04/30/2020 12:00:00 AM,0,Sin información,0,0,0,0,0
12/15/2021 12:00:00 AM,05/31/2020 12:00:00 AM,91,Amazonas,0,0,0,0,0
12/15/2021 12:00:00 AM,05/31/2020 12:00:00 AM,5,Antioquia,431,196,235,0,0
12/15/2021 12:00:00 AM,05/31/2020 12:00:00 AM,81,Arauca,166,48,118,0,0
12/15/2021 12:00:00 AM,05/31/2020 12:00:00 AM,8,Atlántico,32,6,26,0,18345000
12/15/2021 12:00:00 AM,05/31/2020 12:00:00 AM,11,Bogotá,0,0,0,0,0
12/15/2021 12:00:00 AM,05/31/2020 12:00:00 AM,13,Bolívar,0,0,0,0,0
12/15/2021 12:00:00 AM,05/31/2020 12:00:00 AM,15,Boyacá,0,0,0,0,0
12/15/2021 12:00:00 AM,05/31/2020 12:00:00 AM,17,Caldas,23,21,2,0,432000
12/15/2021 12:00:00 AM,05/31/2020 12:00:00 AM,18,Caquetá,0,0,0,0,0
12/15/2021 12:00:00 AM,05/31/2020 12:00:00 AM,85,Casanare,0,0,0,0,0
12/15/2021 12:00:00 AM,05/31/2020 12:00:00 AM,19,Cauca,73,20,53,0,2705205
12/15/2021 12:00:00 AM,05/31/2020 12:00:00 AM,20,Cesar,0,0,0,0,0
12/15/2021 12:00:00 AM,05/31/2020 12:00:00 AM,27,Chocó,0,0,0,0,0
12/15/2021 12:00:00 AM,05/31/2020 12:00:00 AM,23,Córdoba,0,0,0,0,0
12/15/2021 12:00:00 AM,05/31/2020 12:00:00 AM,25,Cundinamarca,0,0,0,0,0
12/15/2021 12:00:00 AM,05/31/2020 12:00:00 AM,94,Guainía,13,0,13,0,16080000
12/15/2021 12:00:00 AM,05/31/2020 12:00:00 AM,95,Guaviare,0,0,0,0,0
12/15/2021 12:00:00 AM,05/31/2020 12:00:00 AM,41,Huila,0,0,0,0,0
12/15/2021 12:00:00 AM,05/31/2020 12:00:00 AM,44,La Guajira,0,0,0,0,0
12/15/2021 12:00:00 AM,05/31/2020 12:00:00 AM,47,Magdalena,14,5,9,0,20000000
12/15/2021 12:00:00 AM,05/31/2020 12:00:00 AM,50,Meta,67,15,52,0,373212000
12/15/2021 12:00:00 AM,05/31/2020 12:00:00 AM,52,Nariño,0,0,0,0,0
12/15/2021 12:00:00 AM,05/31/2020 12:00:00 AM,54,Norte de Santander,0,0,0,0,0
12/15/2021 12:00:00 AM,05/31/2020 12:00:00 AM,86,Putumayo,12,0,0,12,0
12/15/2021 12:00:00 AM,05/31/2020 12:00:00 AM,63,Quindío,0,0,0,0,0
12/15/2021 12:00:00 AM,05/31/2020 12:00:00 AM,66,Risaralda,0,0,0,0,0
12/15/2021 12:00:00 AM,05/31/2020 12:00:00 AM,88,San Andrés y Providencia,0,0,0,0,0
12/15/2021 12:00:00 AM,05/31/2020 12:00:00 AM,68,Santander,0,0,0,0,0
12/15/2021 12:00:00 AM,05/31/2020 12:00:00 AM,70,Sucre,394,97,297,0,27668
12/15/2021 12:00:00 AM,05/31/2020 12:00:00 AM,73,Tolima,0,0,0,0,0
12/15/2021 12:00:00 AM,05/31/2020 12:00:00 AM,76,Valle del Cauca,0,0,0,0,0
12/15/2021 12:00:00 AM,05/31/2020 12:00:00 AM,97,Vaupés,0,0,0,0,0
12/15/2021 12:00:00 AM,05/31/2020 12:00:00 AM,99,Vichada,0,0,0,0,0
12/15/2021 12:00:00 AM,05/31/2020 12:00:00 AM,0,Sin información,0,0,0,0,0
12/15/2021 12:00:00 AM,06/30/2020 12:00:00 AM,91,Amazonas,0,0,0,0,0
12/15/2021 12:00:00 AM,06/30/2020 12:00:00 AM,5,Antioquia,339,51,288,0,4129187791
12/15/2021 12:00:00 AM,06/30/2020 12:00:00 AM,81,Arauca,35,4,31,0,642000000
12/15/2021 12:00:00 AM,06/30/2020 12:00:00 AM,8,Atlántico,0,0,0,0,0
12/15/2021 12:00:00 AM,06/30/2020 12:00:00 AM,11,Bogotá,0,0,0,0,0
12/15/2021 12:00:00 AM,06/30/2020 12:00:00 AM,13,Bolívar,205,71,134,0,23181692
12/15/2021 12:00:00 AM,06/30/2020 12:00:00 AM,15,Boyacá,44,10,34,0,22400000
12/15/2021 12:00:00 AM,06/30/2020 12:00:00 AM,17,Caldas,0,0,0,0,0
12/15/2021 12:00:00 AM,06/30/2020 12:00:00 AM,18,Caquetá,0,0,0,0,0
12/15/2021 12:00:00 AM,06/30/2020 12:00:00 AM,85,Casanare,1,0,1,0,263512080
12/15/2021 12:00:00 AM,06/30/2020 12:00:00 AM,19,Cauca,345,127,218,0,327443718
12/15/2021 12:00:00 AM,06/30/2020 12:00:00 AM,20,Cesar,1629,152,1477,0,132000000
12/15/2021 12:00:00 AM,06/30/2020 12:00:00 AM,27,Chocó,0,0,0,0,0
12/15/2021 12:00:00 AM,06/30/2020 12:00:00 AM,23,Córdoba,58,24,34,0,25560000
12/15/2021 12:00:00 AM,06/30/2020 12:00:00 AM,25,Cundinamarca,0,0,0,0,0
12/15/2021 12:00:00 AM,06/30/2020 12:00:00 AM,94,Guainía,0,0,0,0,0
12/15/2021 12:00:00 AM,06/30/2020 12:00:00 AM,95,Guaviare,0,0,0,0,0
12/15/2021 12:00:00 AM,06/30/2020 12:00:00 AM,41,Huila,0,0,0,0,0
12/15/2021 12:00:00 AM,06/30/2020 12:00:00 AM,44,La Guajira,221,63,158,0,41040000
12/15/2021 12:00:00 AM,06/30/2020 12:00:00 AM,47,Magdalena,123,31,92,0,897300000
12/15/2021 12:00:00 AM,06/30/2020 12:00:00 AM,50,Meta,30,14,16,0,14008460
12/15/2021 12:00:00 AM,06/30/2020 12:00:00 AM,52,Nariño,165,85,80,0,257832000
12/15/2021 12:00:00 AM,06/30/2020 12:00:00 AM,54,Norte de Santander,0,0,0,0,0
12/15/2021 12:00:00 AM,06/30/2020 12:00:00 AM,86,Putumayo,0,0,0,0,0
12/15/2021 12:00:00 AM,06/30/2020 12:00:00 AM,63,Quindío,0,0,0,0,0
12/15/2021 12:00:00 AM,06/30/2020 12:00:00 AM,66,Risaralda,0,0,0,0,0
12/15/2021 12:00:00 AM,06/30/2020 12:00:00 AM,88,San Andrés y Providencia,0,0,0,0,0
12/15/2021 12:00:00 AM,06/30/2020 12:00:00 AM,68,Santander,0,0,0,0,0
12/15/2021 12:00:00 AM,06/30/2020 12:00:00 AM,70,Sucre,144,85,59,0,89838600
12/15/2021 12:00:00 AM,06/30/2020 12:00:00 AM,73,Tolima,0,0,0,0,0
12/15/2021 12:00:00 AM,06/30/2020 12:00:00 AM,76,Valle del Cauca,97,25,72,0,125504750
12/15/2021 12:00:00 AM,06/30/2020 12:00:00 AM,97,Vaupés,0,0,0,0,0
12/15/2021 12:00:00 AM,06/30/2020 12:00:00 AM,99,Vichada,0,0,0,0,0
12/15/2021 12:00:00 AM,06/30/2020 12:00:00 AM,0,Sin información,0,0,0,0,0
12/15/2021 12:00:00 AM,07/31/2020 12:00:00 AM,91,Amazonas,0,0,0,0,0
12/15/2021 12:00:00 AM,07/31/2020 12:00:00 AM,5,Antioquia,1137,368,768,1,622464700
12/15/2021 12:00:00 AM,07/31/2020 12:00:00 AM,81,Arauca,67,29,38,0,7500000
12/15/2021 12:00:00 AM,07/31/2020 12:00:00 AM,8,Atlántico,0,0,0,0,0
12/15/2021 12:00:00 AM,07/31/2020 12:00:00 AM,11,Bogotá,0,0,0,0,0
12/15/2021 12:00:00 AM,07/31/2020 12:00:00 AM,13,Bolívar,253,85,167,1,290424000
12/15/2021 12:00:00 AM,07/31/2020 12:00:00 AM,15,Boyacá,62,21,40,1,17261500
12/15/2021 12:00:00 AM,07/31/2020 12:00:00 AM,17,Caldas,725,173,552,0,54470300
12/15/2021 12:00:00 AM,07/31/2020 12:00:00 AM,18,Caquetá,101,64,37,0,0
12/15/2021 12:00:00 AM,07/31/2020 12:00:00 AM,85,Casanare,38,3,34,1,45750000
12/15/2021 12:00:00 AM,07/31/2020 12:00:00 AM,19,Cauca,266,158,108,0,1506240000
12/15/2021 12:00:00 AM,07/31/2020 12:00:00 AM,20,Cesar,106,43,62,1,757104216
12/15/2021 12:00:00 AM,07/31/2020 12:00:00 AM,27,Chocó,366,143,223,0,942781000
12/15/2021 12:00:00 AM,07/31/2020 12:00:00 AM,23,Córdoba,431,190,239,2,530677450
12/15/2021 12:00:00 AM,07/31/2020 12:00:00 AM,25,Cundinamarca,1,0,1,0,0
12/15/2021 12:00:00 AM,07/31/2020 12:00:00 AM,94,Guainía,0,0,0,0,0
12/15/2021 12:00:00 AM,07/31/2020 12:00:00 AM,95,Guaviare,86,49,37,0,256618000
12/15/2021 12:00:00 AM,07/31/2020 12:00:00 AM,41,Huila,29,5,24,0,13811125
12/15/2021 12:00:00 AM,07/31/2020 12:00:00 AM,44,La Guajira,138,56,82,0,19130960
12/15/2021 12:00:00 AM,07/31/2020 12:00:00 AM,47,Magdalena,547,243,304,0,22000968751
12/15/2021 12:00:00 AM,07/31/2020 12:00:00 AM,50,Meta,347,189,158,0,85452560
12/15/2021 12:00:00 AM,07/31/2020 12:00:00 AM,52,Nariño,400,168,232,0,709089477
12/15/2021 12:00:00 AM,07/31/2020 12:00:00 AM,54,Norte de Santander,141,59,82,0,0
12/15/2021 12:00:00 AM,07/31/2020 12:00:00 AM,86,Putumayo,332,181,151,0,885753900
12/15/2021 12:00:00 AM,07/31/2020 12:00:00 AM,63,Quindío,6,2,4,0,0
12/15/2021 12:00:00 AM,07/31/2020 12:00:00 AM,66,Risaralda,119,26,93,0,9500000
12/15/2021 12:00:00 AM,07/31/2020 12:00:00 AM,88,San Andrés y Providencia,0,0,0,0,0
12/15/2021 12:00:00 AM,07/31/2020 12:00:00 AM,68,Santander,20,3,14,3,0
12/15/2021 12:00:00 AM,07/31/2020 12:00:00 AM,70,Sucre,78,33,43,2,32900000
12/15/2021 12:00:00 AM,07/31/2020 12:00:00 AM,73,Tolima,92,35,57,0,348473375
12/15/2021 12:00:00 AM,07/31/2020 12:00:00 AM,76,Valle del Cauca,487,156,329,2,921605100
12/15/2021 12:00:00 AM,07/31/2020 12:00:00 AM,97,Vaupés,17,17,0,0,5000000
12/15/2021 12:00:00 AM,07/31/2020 12:00:00 AM,99,Vichada,0,0,0,0,0
12/15/2021 12:00:00 AM,07/31/2020 12:00:00 AM,0,Sin información,68,14,54,0,0
12/15/2021 12:00:00 AM,08/31/2020 12:00:00 AM,91,Amazonas,0,0,0,0,0
12/15/2021 12:00:00 AM,08/31/2020 12:00:00 AM,5,Antioquia,261,39,222,0,13113682925
12/15/2021 12:00:00 AM,08/31/2020 12:00:00 AM,81,Arauca,79,21,58,0,61200000
12/15/2021 12:00:00 AM,08/31/2020 12:00:00 AM,8,Atlántico,226,38,188,0,7716000
12/15/2021 12:00:00 AM,08/31/2020 12:00:00 AM,11,Bogotá,0,0,0,0,0
12/15/2021 12:00:00 AM,08/31/2020 12:00:00 AM,13,Bolívar,216,15,200,1,32372000
12/15/2021 12:00:00 AM,08/31/2020 12:00:00 AM,15,Boyacá,115,58,53,4,45376300
12/15/2021 12:00:00 AM,08/31/2020 12:00:00 AM,17,Caldas,160,14,142,4,2002500
12/15/2021 12:00:00 AM,08/31/2020 12:00:00 AM,18,Caquetá,0,0,0,0,0
12/15/2021 12:00:00 AM,08/31/2020 12:00:00 AM,85,Casanare,17,4,13,0,21037500
12/15/2021 12:00:00 AM,08/31/2020 12:00:00 AM,19,Cauca,282,119,163,0,25512000
12/15/2021 12:00:00 AM,08/31/2020 12:00:00 AM,20,Cesar,99,31,68,0,510047000
12/15/2021 12:00:00 AM,08/31/2020 12:00:00 AM,27,Chocó,28,14,14,0,60000000
12/15/2021 12:00:00 AM,08/31/2020 12:00:00 AM,23,Córdoba,211,59,152,0,1815337400
12/15/2021 12:00:00 AM,08/31/2020 12:00:00 AM,25,Cundinamarca,54,17,37,0,2600000
12/15/2021 12:00:00 AM,08/31/2020 12:00:00 AM,94,Guainía,0,0,0,0,0
12/15/2021 12:00:00 AM,08/31/2020 12:00:00 AM,95,Guaviare,0,0,0,0,0
12/15/2021 12:00:00 AM,08/31/2020 12:00:00 AM,41,Huila,115,15,100,0,4200000
12/15/2021 12:00:00 AM,08/31/2020 12:00:00 AM,44,La Guajira,0,0,0,0,0
12/15/2021 12:00:00 AM,08/31/2020 12:00:00 AM,47,Magdalena,18,8,10,0,9000000
12/15/2021 12:00:00 AM,08/31/2020 12:00:00 AM,50,Meta,600,160,440,0,29582000
12/15/2021 12:00:00 AM,08/31/2020 12:00:00 AM,52,Nariño,165,54,111,0,173316000
12/15/2021 12:00:00 AM,08/31/2020 12:00:00 AM,54,Norte de Santander,24,6,18,0,39000000
12/15/2021 12:00:00 AM,08/31/2020 12:00:00 AM,86,Putumayo,41,20,21,0,72000
12/15/2021 12:00:00 AM,08/31/2020 12:00:00 AM,63,Quindío,0,0,0,0,0
12/15/2021 12:00:00 AM,08/31/2020 12:00:00 AM,66,Risaralda,0,0,0,0,0
12/15/2021 12:00:00 AM,08/31/2020 12:00:00 AM,88,San Andrés y Providencia,0,0,0,0,0
12/15/2021 12:00:00 AM,08/31/2020 12:00:00 AM,68,Santander,0,0,0,0,0
12/15/2021 12:00:00 AM,08/31/2020 12:00:00 AM,70,Sucre,150,27,123,0,60750000
12/15/2021 12:00:00 AM,08/31/2020 12:00:00 AM,73,Tolima,65,19,46,0,29226680
12/15/2021 12:00:00 AM,08/31/2020 12:00:00 AM,76,Valle del Cauca,980,267,713,0,19930706100
12/15/2021 12:00:00 AM,08/31/2020 12:00:00 AM,97,Vaupés,0,0,0,0,0
12/15/2021 12:00:00 AM,08/31/2020 12:00:00 AM,99,Vichada,0,0,0,0,0
12/15/2021 12:00:00 AM,08/31/2020 12:00:00 AM,0,Sin información,0,0,0,0,0
12/15/2021 12:00:00 AM,09/30/2020 12:00:00 AM,91,Amazonas,0,0,0,0,0
12/15/2021 12:00:00 AM,09/30/2020 12:00:00 AM,5,Antioquia,685,146,533,6,193271700
12/15/2021 12:00:00 AM,09/30/2020 12:00:00 AM,81,Arauca,0,0,0,0,0
12/15/2021 12:00:00 AM,09/30/2020 12:00:00 AM,8,Atlántico,230,60,170,0,73700000
12/15/2021 12:00:00 AM,09/30/2020 12:00:00 AM,11,Bogotá,0,0,0,0,0
12/15/2021 12:00:00 AM,09/30/2020 12:00:00 AM,13,Bolívar,261,43,218,0,130600000
12/15/2021 12:00:00 AM,09/30/2020 12:00:00 AM,15,Boyacá,666,185,481,0,90556310
12/15/2021 12:00:00 AM,09/30/2020 12:00:00 AM,17,Caldas,653,115,537,1,2305107454
12/15/2021 12:00:00 AM,09/30/2020 12:00:00 AM,18,Caquetá,14,4,10,0,0
12/15/2021 12:00:00 AM,09/30/2020 12:00:00 AM,85,Casanare,1,1,0,0,0
12/15/2021 12:00:00 AM,09/30/2020 12:00:00 AM,19,Cauca,1527,672,854,1,60922820
12/15/2021 12:00:00 AM,09/30/2020 12:00:00 AM,20,Cesar,164,47,113,4,118766752
12/15/2021 12:00:00 AM,09/30/2020 12:00:00 AM,27,Chocó,408,142,266,0,1081340000
12/15/2021 12:00:00 AM,09/30/2020 12:00:00 AM,23,Córdoba,273,72,196,5,3235795000
12/15/2021 12:00:00 AM,09/30/2020 12:00:00 AM,25,Cundinamarca,1349,421,921,7,73020000
12/15/2021 12:00:00 AM,09/30/2020 12:00:00 AM,94,Guainía,40,17,23,0,27440000
12/15/2021 12:00:00 AM,09/30/2020 12:00:00 AM,95,Guaviare,0,0,0,0,0
12/15/2021 12:00:00 AM,09/30/2020 12:00:00 AM,41,Huila,286,56,228,2,0
12/15/2021 12:00:00 AM,09/30/2020 12:00:00 AM,44,La Guajira,569,193,376,0,656204500
12/15/2021 12:00:00 AM,09/30/2020 12:00:00 AM,47,Magdalena,93,13,79,1,100332500
12/15/2021 12:00:00 AM,09/30/2020 12:00:00 AM,50,Meta,313,94,219,0,70396000
12/15/2021 12:00:00 AM,09/30/2020 12:00:00 AM,52,Nariño,3337,1959,1378,0,0
12/15/2021 12:00:00 AM,09/30/2020 12:00:00 AM,54,Norte de Santander,773,230,543,0,41590160
12/15/2021 12:00:00 AM,09/30/2020 12:00:00 AM,86,Putumayo,4884,3426,1458,0,1414200
12/15/2021 12:00:00 AM,09/30/2020 12:00:00 AM,63,Quindío,34,10,24,0,162057700
12/15/2021 12:00:00 AM,09/30/2020 12:00:00 AM,66,Risaralda,102,24,78,0,59118370
12/15/2021 12:00:00 AM,09/30/2020 12:00:00 AM,88,San Andrés y Providencia,0,0,0,0,0
12/15/2021 12:00:00 AM,09/30/2020 12:00:00 AM,68,Santander,1073,207,864,2,183719976
12/15/2021 12:00:00 AM,09/30/2020 12:00:00 AM,70,Sucre,93,14,77,2,14150000
12/15/2021 12:00:00 AM,09/30/2020 12:00:00 AM,73,Tolima,1760,496,1262,2,47542200
12/15/2021 12:00:00 AM,09/30/2020 12:00:00 AM,76,Valle del Cauca,363,114,242,7,1401423461
12/15/2021 12:00:00 AM,09/30/2020 12:00:00 AM,97,Vaupés,0,0,0,0,0
12/15/2021 12:00:00 AM,09/30/2020 12:00:00 AM,99,Vichada,0,0,0,0,0
12/15/2021 12:00:00 AM,09/30/2020 12:00:00 AM,0,Sin información,114,23,50,41,0
12/15/2021 12:00:00 AM,10/31/2020 12:00:00 AM,91,Amazonas,0,0,0,0,0
12/15/2021 12:00:00 AM,10/31/2020 12:00:00 AM,5,Antioquia,11129,1956,9173,0,1037796682
12/15/2021 12:00:00 AM,10/31/2020 12:00:00 AM,81,Arauca,0,0,0,0,0
12/15/2021 12:00:00 AM,10/31/2020 12:00:00 AM,8,Atlántico,57,17,40,0,57000000
12/15/2021 12:00:00 AM,10/31/2020 12:00:00 AM,11,Bogotá,0,0,0,0,0
12/15/2021 12:00:00 AM,10/31/2020 12:00:00 AM,13,Bolívar,669,184,485,0,1232403840
12/15/2021 12:00:00 AM,10/31/2020 12:00:00 AM,15,Boyacá,313,164,149,0,124030180
12/15/2021 12:00:00 AM,10/31/2020 12:00:00 AM,17,Caldas,188,65,123,0,27122500
12/15/2021 12:00:00 AM,10/31/2020 12:00:00 AM,18,Caquetá,97,19,78,0,129600000
12/15/2021 12:00:00 AM,10/31/2020 12:00:00 AM,85,Casanare,0,0,0,0,0
12/15/2021 12:00:00 AM,10/31/2020 12:00:00 AM,19,Cauca,62,44,18,0,27559450
12/15/2021 12:00:00 AM,10/31/2020 12:00:00 AM,20,Cesar,289,51,238,0,108927536
12/15/2021 12:00:00 AM,10/31/2020 12:00:00 AM,27,Chocó,0,0,0,0,0
12/15/2021 12:00:00 AM,10/31/2020 12:00:00 AM,23,Córdoba,277,118,159,0,782610000
12/15/2021 12:00:00 AM,10/31/2020 12:00:00 AM,25,Cundinamarca,209,91,118,0,340242000
12/15/2021 12:00:00 AM,10/31/2020 12:00:00 AM,94,Guainía,89,3,86,0,321200000
12/15/2021 12:00:00 AM,10/31/2020 12:00:00 AM,95,Guaviare,0,0,0,0,0
12/15/2021 12:00:00 AM,10/31/2020 12:00:00 AM,41,Huila,595,332,263,0,6829977427
12/15/2021 12:00:00 AM,10/31/2020 12:00:00 AM,44,La Guajira,68,18,50,0,63450000
12/15/2021 12:00:00 AM,10/31/2020 12:00:00 AM,47,Magdalena,39,14,25,0,1682000
12/15/2021 12:00:00 AM,10/31/2020 12:00:00 AM,50,Meta,268,102,166,0,427750500
12/15/2021 12:00:00 AM,10/31/2020 12:00:00 AM,52,Nariño,12,3,9,0,11480000
12/15/2021 12:00:00 AM,10/31/2020 12:00:00 AM,54,Norte de Santander,259,52,207,0,3317510000
12/15/2021 12:00:00 AM,10/31/2020 12:00:00 AM,86,Putumayo,14,9,5,0,147430000
12/15/2021 12:00:00 AM,10/31/2020 12:00:00 AM,63,Quindío,77,7,70,0,45290000
12/15/2021 12:00:00 AM,10/31/2020 12:00:00 AM,66,Risaralda,0,0,0,0,0
12/15/2021 12:00:00 AM,10/31/2020 12:00:00 AM,88,San Andrés y Providencia,111,21,90,0,4839912000
12/15/2021 12:00:00 AM,10/31/2020 12:00:00 AM,68,Santander,5899,1549,3722,628,53907180432
12/15/2021 12:00:00 AM,10/31/2020 12:00:00 AM,70,Sucre,52,5,47,0,11750000
12/15/2021 12:00:00 AM,10/31/2020 12:00:00 AM,73,Tolima,135,24,111,0,227603715
12/15/2021 12:00:00 AM,10/31/2020 12:00:00 AM,76,Valle del Cauca,281,93,188,0,2005177000
12/15/2021 12:00:00 AM,10/31/2020 12:00:00 AM,97,Vaupés,0,0,0,0,0
12/15/2021 12:00:00 AM,10/31/2020 12:00:00 AM,99,Vichada,0,0,0,0,0
12/15/2021 12:00:00 AM,10/31/2020 12:00:00 AM,0,Sin información,0,0,0,0,0
12/15/2021 12:00:00 AM,11/30/2020 12:00:00 AM,91,Amazonas,0,0,0,0,0
12/15/2021 12:00:00 AM,11/30/2020 12:00:00 AM,5,Antioquia,769,353,352,64,1642064375
12/15/2021 12:00:00 AM,11/30/2020 12:00:00 AM,81,Arauca,0,0,0,0,0
12/15/2021 12:00:00 AM,11/30/2020 12:00:00 AM,8,Atlántico,151,12,139,0,95639200
12/15/2021 12:00:00 AM,11/30/2020 12:00:00 AM,11,Bogotá,0,0,0,0,0
12/15/2021 12:00:00 AM,11/30/2020 12:00:00 AM,13,Bolívar,94,26,42,26,282186000
12/15/2021 12:00:00 AM,11/30/2020 12:00:00 AM,15,Boyacá,3585,1438,2145,2,2654925750
12/15/2021 12:00:00 AM,11/30/2020 12:00:00 AM,17,Caldas,1182,65,281,836,124275000
12/15/2021 12:00:00 AM,11/30/2020 12:00:00 AM,18,Caquetá,0,0,0,0,0
12/15/2021 12:00:00 AM,11/30/2020 12:00:00 AM,85,Casanare,1602,737,799,66,732927000
12/15/2021 12:00:00 AM,11/30/2020 12:00:00 AM,19,Cauca,129,26,103,0,561501000
12/15/2021 12:00:00 AM,11/30/2020 12:00:00 AM,20,Cesar,366,131,232,3,1377140000
12/15/2021 12:00:00 AM,11/30/2020 12:00:00 AM,27,Chocó,11,0,0,11,0
12/15/2021 12:00:00 AM,11/30/2020 12:00:00 AM,23,Córdoba,660,234,420,6,832271120
12/15/2021 12:00:00 AM,11/30/2020 12:00:00 AM,25,Cundinamarca,645,318,327,0,1005873900
12/15/2021 12:00:00 AM,11/30/2020 12:00:00 AM,94,Guainía,0,0,0,0,0
12/15/2021 12:00:00 AM,11/30/2020 12:00:00 AM,95,Guaviare,0,0,0,0,0
12/15/2021 12:00:00 AM,11/30/2020 12:00:00 AM,41,Huila,36,31,5,0,97421245
12/15/2021 12:00:00 AM,11/30/2020 12:00:00 AM,44,La Guajira,0,0,0,0,0
12/15/2021 12:00:00 AM,11/30/2020 12:00:00 AM,47,Magdalena,92,65,0,27,337260000
12/15/2021 12:00:00 AM,11/30/2020 12:00:00 AM,50,Meta,374,93,269,12,5718044000
12/15/2021 12:00:00 AM,11/30/2020 12:00:00 AM,52,Nariño,0,0,0,0,0
12/15/2021 12:00:00 AM,11/30/2020 12:00:00 AM,54,Norte de Santander,30,6,24,0,1438454016
12/15/2021 12:00:00 AM,11/30/2020 12:00:00 AM,86,Putumayo,62,24,38,0,3038036000
12/15/2021 12:00:00 AM,11/30/2020 12:00:00 AM,63,Quindío,2,0,1,1,0
12/15/2021 12:00:00 AM,11/30/2020 12:00:00 AM,66,Risaralda,163,35,14,114,2455000
12/15/2021 12:00:00 AM,11/30/2020 12:00:00 AM,88,San Andrés y Providencia,0,0,0,0,0
12/15/2021 12:00:00 AM,11/30/2020 12:00:00 AM,68,Santander,286,124,162,0,253669000
12/15/2021 12:00:00 AM,11/30/2020 12:00:00 AM,70,Sucre,584,69,456,59,703277440
12/15/2021 12:00:00 AM,11/30/2020 12:00:00 AM,73,Tolima,104,29,75,0,30111900
12/15/2021 12:00:00 AM,11/30/2020 12:00:00 AM,76,Valle del Cauca,129,100,25,4,53700000
12/15/2021 12:00:00 AM,11/30/2020 12:00:00 AM,97,Vaupés,0,0,0,0,0
12/15/2021 12:00:00 AM,11/30/2020 12:00:00 AM,99,Vichada,28,14,14,0,5200000
12/15/2021 12:00:00 AM,11/30/2020 12:00:00 AM,0,Sin información,0,0,0,0,0
12/15/2021 12:00:00 AM,12/31/2020 12:00:00 AM,91,Amazonas,60,57,3,0,8400000
12/15/2021 12:00:00 AM,12/31/2020 12:00:00 AM,5,Antioquia,311,151,156,4,3131746093
12/15/2021 12:00:00 AM,12/31/2020 12:00:00 AM,81,Arauca,336,166,169,1,7500000
12/15/2021 12:00:00 AM,12/31/2020 12:00:00 AM,8,Atlántico,263,192,71,0,0
12/15/2021 12:00:00 AM,12/31/2020 12:00:00 AM,11,Bogotá,0,0,0,0,0
12/15/2021 12:00:00 AM,12/31/2020 12:00:00 AM,13,Bolívar,347,151,153,43,1025023850
12/15/2021 12:00:00 AM,12/31/2020 12:00:00 AM,15,Boyacá,1604,195,1386,23,7430674810
12/15/2021 12:00:00 AM,12/31/2020 12:00:00 AM,17,Caldas,219,112,105,2,58123000
12/15/2021 12:00:00 AM,12/31/2020 12:00:00 AM,18,Caquetá,387,144,242,1,325449700
12/15/2021 12:00:00 AM,12/31/2020 12:00:00 AM,85,Casanare,213,114,92,7,487217400
12/15/2021 12:00:00 AM,12/31/2020 12:00:00 AM,19,Cauca,635,442,193,0,1701786000
12/15/2021 12:00:00 AM,12/31/2020 12:00:00 AM,20,Cesar,209,81,124,4,596434600
12/15/2021 12:00:00 AM,12/31/2020 12:00:00 AM,27,Chocó,257,165,92,0,0
12/15/2021 12:00:00 AM,12/31/2020 12:00:00 AM,23,Córdoba,527,253,143,131,5471422198
12/15/2021 12:00:00 AM,12/31/2020 12:00:00 AM,25,Cundinamarca,1217,99,817,301,16097857799
12/15/2021 12:00:00 AM,12/31/2020 12:00:00 AM,94,Guainía,40,35,5,0,0
12/15/2021 12:00:00 AM,12/31/2020 12:00:00 AM,95,Guaviare,169,102,67,0,30800000
12/15/2021 12:00:00 AM,12/31/2020 12:00:00 AM,41,Huila,359,115,110,134,3881828211
12/15/2021 12:00:00 AM,12/31/2020 12:00:00 AM,44,La Guajira,235,123,112,0,161000000
12/15/2021 12:00:00 AM,12/31/2020 12:00:00 AM,47,Magdalena,286,190,80,16,25594283248
12/15/2021 12:00:00 AM,12/31/2020 12:00:00 AM,50,Meta,930,339,240,351,20580661217
12/15/2021 12:00:00 AM,12/31/2020 12:00:00 AM,52,Nariño,1372,496,452,424,15530687306
12/15/2021 12:00:00 AM,12/31/2020 12:00:00 AM,54,Norte de Santander,417,204,213,0,255307000
12/15/2021 12:00:00 AM,12/31/2020 12:00:00 AM,86,Putumayo,517,193,170,154,2314776000
12/15/2021 12:00:00 AM,12/31/2020 12:00:00 AM,63,Quindío,218,105,113,0,0
12/15/2021 12:00:00 AM,12/31/2020 12:00:00 AM,66,Risaralda,254,169,79,6,274485032
12/15/2021 12:00:00 AM,12/31/2020 12:00:00 AM,88,San Andrés y Providencia,79,55,24,0,16700000
12/15/2021 12:00:00 AM,12/31/2020 12:00:00 AM,68,Santander,292,162,111,19,344563650
12/15/2021 12:00:00 AM,12/31/2020 12:00:00 AM,70,Sucre,626,161,150,315,3852156438
12/15/2021 12:00:00 AM,12/31/2020 12:00:00 AM,73,Tolima,1166,152,170,844,154275685455
12/15/2021 12:00:00 AM,12/31/2020 12:00:00 AM,76,Valle del Cauca,365,181,143,41,54293310
12/15/2021 12:00:00 AM,12/31/2020 12:00:00 AM,97,Vaupés,34,34,0,0,4920000
12/15/2021 12:00:00 AM,12/31/2020 12:00:00 AM,99,Vichada,40,16,24,0,0
12/15/2021 12:00:00 AM,12/31/2020 12:00:00 AM,0,Sin información,-182,-37,-104,-41,0
12/15/2021 12:00:00 AM,01/31/2021 12:00:00 AM,91,Amazonas,0,0,0,0,0
12/15/2021 12:00:00 AM,01/31/2021 12:00:00 AM,5,Antioquia,0,0,0,0,0
12/15/2021 12:00:00 AM,01/31/2021 12:00:00 AM,81,Arauca,0,0,0,0,0
12/15/2021 12:00:00 AM,01/31/2021 12:00:00 AM,8,Atlántico,0,0,0,0,0
12/15/2021 12:00:00 AM,01/31/2021 12:00:00 AM,11,Bogotá,0,0,0,0,0
12/15/2021 12:00:00 AM,01/31/2021 12:00:00 AM,13,Bolívar,0,0,0,0,0
12/15/2021 12:00:00 AM,01/31/2021 12:00:00 AM,15,Boyacá,0,0,0,0,0
12/15/2021 12:00:00 AM,01/31/2021 12:00:00 AM,17,Caldas,0,0,0,0,0
12/15/2021 12:00:00 AM,01/31/2021 12:00:00 AM,18,Caquetá,0,0,0,0,0
12/15/2021 12:00:00 AM,01/31/2021 12:00:00 AM,85,Casanare,0,0,0,0,0
12/15/2021 12:00:00 AM,01/31/2021 12:00:00 AM,19,Cauca,0,0,0,0,0
12/15/2021 12:00:00 AM,01/31/2021 12:00:00 AM,20,Cesar,0,0,0,0,0
12/15/2021 12:00:00 AM,01/31/2021 12:00:00 AM,27,Chocó,0,0,0,0,0
12/15/2021 12:00:00 AM,01/31/2021 12:00:00 AM,23,Córdoba,0,0,0,0,0
12/15/2021 12:00:00 AM,01/31/2021 12:00:00 AM,25,Cundinamarca,0,0,0,0,0
12/15/2021 12:00:00 AM,01/31/2021 12:00:00 AM,94,Guainía,0,0,0,0,0
12/15/2021 12:00:00 AM,01/31/2021 12:00:00 AM,95,Guaviare,0,0,0,0,0
12/15/2021 12:00:00 AM,01/31/2021 12:00:00 AM,41,Huila,0,0,0,0,0
12/15/2021 12:00:00 AM,01/31/2021 12:00:00 AM,44,La Guajira,0,0,0,0,0
12/15/2021 12:00:00 AM,01/31/2021 12:00:00 AM,47,Magdalena,0,0,0,0,0
12/15/2021 12:00:00 AM,01/31/2021 12:00:00 AM,50,Meta,0,0,0,0,0
12/15/2021 12:00:00 AM,01/31/2021 12:00:00 AM,52,Nariño,0,0,0,0,0
12/15/2021 12:00:00 AM,01/31/2021 12:00:00 AM,54,Norte de Santander,0,0,0,0,0
12/15/2021 12:00:00 AM,01/31/2021 12:00:00 AM,86,Putumayo,0,0,0,0,0
12/15/2021 12:00:00 AM,01/31/2021 12:00:00 AM,63,Quindío,0,0,0,0,0
12/15/2021 12:00:00 AM,01/31/2021 12:00:00 AM,66,Risaralda,0,0,0,0,0
12/15/2021 12:00:00 AM,01/31/2021 12:00:00 AM,88,San Andrés y Providencia,0,0,0,0,0
12/15/2021 12:00:00 AM,01/31/2021 12:00:00 AM,68,Santander,0,0,0,0,0
12/15/2021 12:00:00 AM,01/31/2021 12:00:00 AM,70,Sucre,0,0,0,0,0
12/15/2021 12:00:00 AM,01/31/2021 12:00:00 AM,73,Tolima,0,0,0,0,0
12/15/2021 12:00:00 AM,01/31/2021 12:00:00 AM,76,Valle del Cauca,0,0,0,0,0
12/15/2021 12:00:00 AM,01/31/2021 12:00:00 AM,97,Vaupés,0,0,0,0,0
12/15/2021 12:00:00 AM,01/31/2021 12:00:00 AM,99,Vichada,0,0,0,0,0
12/15/2021 12:00:00 AM,01/31/2021 12:00:00 AM,0,Sin información,0,0,0,0,0
12/15/2021 12:00:00 AM,02/28/2021 12:00:00 AM,91,Amazonas,0,0,0,0,0
12/15/2021 12:00:00 AM,02/28/2021 12:00:00 AM,5,Antioquia,519,298,221,0,1810662750
12/15/2021 12:00:00 AM,02/28/2021 12:00:00 AM,81,Arauca,30,15,15,0,320900000
12/15/2021 12:00:00 AM,02/28/2021 12:00:00 AM,8,Atlántico,0,0,0,0,0
12/15/2021 12:00:00 AM,02/28/2021 12:00:00 AM,11,Bogotá,0,0,0,0,0
12/15/2021 12:00:00 AM,02/28/2021 12:00:00 AM,13,Bolívar,0,0,0,0,0
12/15/2021 12:00:00 AM,02/28/2021 12:00:00 AM,15,Boyacá,0,0,0,0,0
12/15/2021 12:00:00 AM,02/28/2021 12:00:00 AM,17,Caldas,0,0,0,0,0
12/15/2021 12:00:00 AM,02/28/2021 12:00:00 AM,18,Caquetá,0,0,0,0,0
12/15/2021 12:00:00 AM,02/28/2021 12:00:00 AM,85,Casanare,1177,511,666,0,311000000
12/15/2021 12:00:00 AM,02/28/2021 12:00:00 AM,19,Cauca,30,21,9,0,2700000
12/15/2021 12:00:00 AM,02/28/2021 12:00:00 AM,20,Cesar,9,5,4,0,156192969
12/15/2021 12:00:00 AM,02/28/2021 12:00:00 AM,27,Chocó,0,0,0,0,0
12/15/2021 12:00:00 AM,02/28/2021 12:00:00 AM,23,Córdoba,0,0,0,0,0
12/15/2021 12:00:00 AM,02/28/2021 12:00:00 AM,25,Cundinamarca,0,0,0,0,0
12/15/2021 12:00:00 AM,02/28/2021 12:00:00 AM,94,Guainía,23,7,16,0,106780000
12/15/2021 12:00:00 AM,02/28/2021 12:00:00 AM,95,Guaviare,0,0,0,0,0
12/15/2021 12:00:00 AM,02/28/2021 12:00:00 AM,41,Huila,0,0,0,0,0
12/15/2021 12:00:00 AM,02/28/2021 12:00:00 AM,44,La Guajira,0,0,0,0,0
12/15/2021 12:00:00 AM,02/28/2021 12:00:00 AM,47,Magdalena,0,0,0,0,0
12/15/2021 12:00:00 AM,02/28/2021 12:00:00 AM,50,Meta,0,0,0,0,0
12/15/2021 12:00:00 AM,02/28/2021 12:00:00 AM,52,Nariño,0,0,0,0,0
12/15/2021 12:00:00 AM,02/28/2021 12:00:00 AM,54,Norte de Santander,1,1,0,0,15552000
12/15/2021 12:00:00 AM,02/28/2021 12:00:00 AM,86,Putumayo,0,0,0,0,0
12/15/2021 12:00:00 AM,02/28/2021 12:00:00 AM,63,Quindío,15,5,10,0,20404995
12/15/2021 12:00:00 AM,02/28/2021 12:00:00 AM,66,Risaralda,0,0,0,0,0
12/15/2021 12:00:00 AM,02/28/2021 12:00:00 AM,88,San Andrés y Providencia,0,0,0,0,0
12/15/2021 12:00:00 AM,02/28/2021 12:00:00 AM,68,Santander,0,0,0,0,0
12/15/2021 12:00:00 AM,02/28/2021 12:00:00 AM,70,Sucre,0,0,0,0,0
12/15/2021 12:00:00 AM,02/28/2021 12:00:00 AM,73,Tolima,51,5,46,0,33873682
12/15/2021 12:00:00 AM,02/28/2021 12:00:00 AM,76,Valle del Cauca,0,0,0,0,0
12/15/2021 12:00:00 AM,02/28/2021 12:00:00 AM,97,Vaupés,0,0,0,0,0
12/15/2021 12:00:00 AM,02/28/2021 12:00:00 AM,99,Vichada,0,0,0,0,0
12/15/2021 12:00:00 AM,02/28/2021 12:00:00 AM,0,Sin información,0,0,0,0,0
12/15/2021 12:00:00 AM,03/31/2021 12:00:00 AM,91,Amazonas,0,0,0,0,0
12/15/2021 12:00:00 AM,03/31/2021 12:00:00 AM,5,Antioquia,431,138,293,0,1046379728
12/15/2021 12:00:00 AM,03/31/2021 12:00:00 AM,81,Arauca,150,64,86,0,18309999
12/15/2021 12:00:00 AM,03/31/2021 12:00:00 AM,8,Atlántico,10,4,6,0,16800000
12/15/2021 12:00:00 AM,03/31/2021 12:00:00 AM,11,Bogotá,0,0,0,0,0
12/15/2021 12:00:00 AM,03/31/2021 12:00:00 AM,13,Bolívar,1061,89,972,0,2223289502
12/15/2021 12:00:00 AM,03/31/2021 12:00:00 AM,15,Boyacá,0,0,0,0,0
12/15/2021 12:00:00 AM,03/31/2021 12:00:00 AM,17,Caldas,3,1,2,0,21000
12/15/2021 12:00:00 AM,03/31/2021 12:00:00 AM,18,Caquetá,0,0,0,0,0
12/15/2021 12:00:00 AM,03/31/2021 12:00:00 AM,85,Casanare,14,3,11,0,76500000
12/15/2021 12:00:00 AM,03/31/2021 12:00:00 AM,19,Cauca,26,17,9,0,3306000000
12/15/2021 12:00:00 AM,03/31/2021 12:00:00 AM,20,Cesar,64,37,27,0,1098436000
12/15/2021 12:00:00 AM,03/31/2021 12:00:00 AM,27,Chocó,0,0,0,0,0
12/15/2021 12:00:00 AM,03/31/2021 12:00:00 AM,23,Córdoba,201,23,178,0,6270000
12/15/2021 12:00:00 AM,03/31/2021 12:00:00 AM,25,Cundinamarca,16,6,10,0,4905200
12/15/2021 12:00:00 AM,03/31/2021 12:00:00 AM,94,Guainía,219,0,219,0,8040000
12/15/2021 12:00:00 AM,03/31/2021 12:00:00 AM,95,Guaviare,177,59,118,0,18944000
12/15/2021 12:00:00 AM,03/31/2021 12:00:00 AM,41,Huila,0,0,0,0,0
12/15/2021 12:00:00 AM,03/31/2021 12:00:00 AM,44,La Guajira,0,0,0,0,0
12/15/2021 12:00:00 AM,03/31/2021 12:00:00 AM,47,Magdalena,17,8,9,0,30600000
12/15/2021 12:00:00 AM,03/31/2021 12:00:00 AM,50,Meta,0,0,0,0,0
12/15/2021 12:00:00 AM,03/31/2021 12:00:00 AM,52,Nariño,102,31,71,0,153500000
12/15/2021 12:00:00 AM,03/31/2021 12:00:00 AM,54,Norte de Santander,0,0,0,0,0
12/15/2021 12:00:00 AM,03/31/2021 12:00:00 AM,86,Putumayo,5,1,4,0,32450000
12/15/2021 12:00:00 AM,03/31/2021 12:00:00 AM,63,Quindío,21,11,10,0,2105120
12/15/2021 12:00:00 AM,03/31/2021 12:00:00 AM,66,Risaralda,4,2,2,0,64008000
12/15/2021 12:00:00 AM,03/31/2021 12:00:00 AM,88,San Andrés y Providencia,0,0,0,0,0
12/15/2021 12:00:00 AM,03/31/2021 12:00:00 AM,68,Santander,0,0,0,0,0
12/15/2021 12:00:00 AM,03/31/2021 12:00:00 AM,70,Sucre,244,63,181,0,236080000
12/15/2021 12:00:00 AM,03/31/2021 12:00:00 AM,73,Tolima,0,0,0,0,0
12/15/2021 12:00:00 AM,03/31/2021 12:00:00 AM,76,Valle del Cauca,2,1,1,0,12000
12/15/2021 12:00:00 AM,03/31/2021 12:00:00 AM,97,Vaupés,0,0,0,0,0
12/15/2021 12:00:00 AM,03/31/2021 12:00:00 AM,99,Vichada,0,0,0,0,0
12/15/2021 12:00:00 AM,03/31/2021 12:00:00 AM,0,Sin información,0,0,0,0,0
12/15/2021 12:00:00 AM,04/30/2021 12:00:00 AM,91,Amazonas,0,0,0,0,0
12/15/2021 12:00:00 AM,04/30/2021 12:00:00 AM,5,Antioquia,3676,708,2968,0,1523087569
12/15/2021 12:00:00 AM,04/30/2021 12:00:00 AM,81,Arauca,33,6,27,0,1283600000
12/15/2021 12:00:00 AM,04/30/2021 12:00:00 AM,8,Atlántico,553,89,464,0,45757000
12/15/2021 12:00:00 AM,04/30/2021 12:00:00 AM,11,Bogotá,0,0,0,0,0
12/15/2021 12:00:00 AM,04/30/2021 12:00:00 AM,13,Bolívar,110,26,84,0,560742500
12/15/2021 12:00:00 AM,04/30/2021 12:00:00 AM,15,Boyacá,14,8,6,0,0
12/15/2021 12:00:00 AM,04/30/2021 12:00:00 AM,17,Caldas,8,3,5,0,172000000
12/15/2021 12:00:00 AM,04/30/2021 12:00:00 AM,18,Caquetá,0,0,0,0,0
12/15/2021 12:00:00 AM,04/30/2021 12:00:00 AM,85,Casanare,5,4,1,0,0
12/15/2021 12:00:00 AM,04/30/2021 12:00:00 AM,19,Cauca,73,37,36,0,30508794
12/15/2021 12:00:00 AM,04/30/2021 12:00:00 AM,20,Cesar,159,10,149,0,1014000
12/15/2021 12:00:00 AM,04/30/2021 12:00:00 AM,27,Chocó,0,0,0,0,0
12/15/2021 12:00:00 AM,04/30/2021 12:00:00 AM,23,Córdoba,625,135,490,0,121263400
12/15/2021 12:00:00 AM,04/30/2021 12:00:00 AM,25,Cundinamarca,227,132,95,0,20132000
12/15/2021 12:00:00 AM,04/30/2021 12:00:00 AM,94,Guainía,30,3,27,0,5200000
12/15/2021 12:00:00 AM,04/30/2021 12:00:00 AM,95,Guaviare,32,6,26,0,179750000
12/15/2021 12:00:00 AM,04/30/2021 12:00:00 AM,41,Huila,21,4,17,0,8250000
12/15/2021 12:00:00 AM,04/30/2021 12:00:00 AM,44,La Guajira,66,16,50,0,71504000
12/15/2021 12:00:00 AM,04/30/2021 12:00:00 AM,47,Magdalena,53,28,25,0,9600000
12/15/2021 12:00:00 AM,04/30/2021 12:00:00 AM,50,Meta,2,1,1,0,0
12/15/2021 12:00:00 AM,04/30/2021 12:00:00 AM,52,Nariño,241,61,180,0,13950000
12/15/2021 12:00:00 AM,04/30/2021 12:00:00 AM,54,Norte de Santander,0,0,0,0,0
12/15/2021 12:00:00 AM,04/30/2021 12:00:00 AM,86,Putumayo,0,0,0,0,0
12/15/2021 12:00:00 AM,04/30/2021 12:00:00 AM,63,Quindío,1,1,0,0,0
12/15/2021 12:00:00 AM,04/30/2021 12:00:00 AM,66,Risaralda,183,33,150,0,140098000
12/15/2021 12:00:00 AM,04/30/2021 12:00:00 AM,88,San Andrés y Providencia,0,0,0,0,0
12/15/2021 12:00:00 AM,04/30/2021 12:00:00 AM,68,Santander,914,151,763,0,397089600
12/15/2021 12:00:00 AM,04/30/2021 12:00:00 AM,70,Sucre,43,15,28,0,9932500
12/15/2021 12:00:00 AM,04/30/2021 12:00:00 AM,73,Tolima,396,181,215,0,36600000
12/15/2021 12:00:00 AM,04/30/2021 12:00:00 AM,76,Valle del Cauca,59,33,26,0,59109800
12/15/2021 12:00:00 AM,04/30/2021 12:00:00 AM,97,Vaupés,26,0,26,0,0
12/15/2021 12:00:00 AM,04/30/2021 12:00:00 AM,99,Vichada,39,31,8,0,97600000
12/15/2021 12:00:00 AM,04/30/2021 12:00:00 AM,0,Sin información,0,0,0,0,0
12/15/2021 12:00:00 AM,05/31/2021 12:00:00 AM,91,Amazonas,0,0,0,0,0
12/15/2021 12:00:00 AM,05/31/2021 12:00:00 AM,5,Antioquia,736,202,534,0,162075846
12/15/2021 12:00:00 AM,05/31/2021 12:00:00 AM,81,Arauca,54,31,23,0,70250000
12/15/2021 12:00:00 AM,05/31/2021 12:00:00 AM,8,Atlántico,563,43,520,0,40080000
12/15/2021 12:00:00 AM,05/31/2021 12:00:00 AM,11,Bogotá,0,0,0,0,0
12/15/2021 12:00:00 AM,05/31/2021 12:00:00 AM,13,Bolívar,494,124,370,0,608987000
12/15/2021 12:00:00 AM,05/31/2021 12:00:00 AM,15,Boyacá,0,0,0,0,0
12/15/2021 12:00:00 AM,05/31/2021 12:00:00 AM,17,Caldas,18,6,12,0,652786220
12/15/2021 12:00:00 AM,05/31/2021 12:00:00 AM,18,Caquetá,655,269,386,0,5082000000
12/15/2021 12:00:00 AM,05/31/2021 12:00:00 AM,85,Casanare,0,0,0,0,0
12/15/2021 12:00:00 AM,05/31/2021 12:00:00 AM,19,Cauca,117,66,51,0,128296418
12/15/2021 12:00:00 AM,05/31/2021 12:00:00 AM,20,Cesar,326,55,271,0,0
12/15/2021 12:00:00 AM,05/31/2021 12:00:00 AM,27,Chocó,70,15,55,0,514200000
12/15/2021 12:00:00 AM,05/31/2021 12:00:00 AM,23,Córdoba,167,45,122,0,362732940
12/15/2021 12:00:00 AM,05/31/2021 12:00:00 AM,25,Cundinamarca,22,13,9,0,3750000
12/15/2021 12:00:00 AM,05/31/2021 12:00:00 AM,94,Guainía,11,0,11,0,5899600
12/15/2021 12:00:00 AM,05/31/2021 12:00:00 AM,95,Guaviare,609,286,323,0,93925000
12/15/2021 12:00:00 AM,05/31/2021 12:00:00 AM,41,Huila,52,28,24,0,114985597
12/15/2021 12:00:00 AM,05/31/2021 12:00:00 AM,44,La Guajira,150,52,98,0,2228000
12/15/2021 12:00:00 AM,05/31/2021 12:00:00 AM,47,Magdalena,384,158,226,0,74500000
12/15/2021 12:00:00 AM,05/31/2021 12:00:00 AM,50,Meta,204,62,142,0,43646000
12/15/2021 12:00:00 AM,05/31/2021 12:00:00 AM,52,Nariño,1,0,1,0,34560000
12/15/2021 12:00:00 AM,05/31/2021 12:00:00 AM,54,Norte de Santander,30,9,21,0,164400000
12/15/2021 12:00:00 AM,05/31/2021 12:00:00 AM,86,Putumayo,0,0,0,0,0
12/15/2021 12:00:00 AM,05/31/2021 12:00:00 AM,63,Quindío,29,9,20,0,23800000
12/15/2021 12:00:00 AM,05/31/2021 12:00:00 AM,66,Risaralda,70,30,40,0,2000000
12/15/2021 12:00:00 AM,05/31/2021 12:00:00 AM,88,San Andrés y Providencia,0,0,0,0,0
12/15/2021 12:00:00 AM,05/31/2021 12:00:00 AM,68,Santander,194,42,152,0,285011350
12/15/2021 12:00:00 AM,05/31/2021 12:00:00 AM,70,Sucre,0,0,0,0,0
12/15/2021 12:00:00 AM,05/31/2021 12:00:00 AM,73,Tolima,86,19,67,0,133033586
12/15/2021 12:00:00 AM,05/31/2021 12:00:00 AM,76,Valle del Cauca,52,13,39,0,349422790
12/15/2021 12:00:00 AM,05/31/2021 12:00:00 AM,97,Vaupés,12,11,1,0,8800000
12/15/2021 12:00:00 AM,05/31/2021 12:00:00 AM,99,Vichada,0,0,0,0,0
12/15/2021 12:00:00 AM,05/31/2021 12:00:00 AM,0,Sin información,0,0,0,0,0
12/15/2021 12:00:00 AM,06/30/2021 12:00:00 AM,91,Amazonas,0,0,0,0,0
12/15/2021 12:00:00 AM,06/30/2021 12:00:00 AM,5,Antioquia,417,82,334,1,1260407074
12/15/2021 12:00:00 AM,06/30/2021 12:00:00 AM,81,Arauca,0,0,0,0,0
12/15/2021 12:00:00 AM,06/30/2021 12:00:00 AM,8,Atlántico,0,0,0,0,0
12/15/2021 12:00:00 AM,06/30/2021 12:00:00 AM,11,Bogotá,0,0,0,0,0
12/15/2021 12:00:00 AM,06/30/2021 12:00:00 AM,13,Bolívar,421,33,388,0,379998590
12/15/2021 12:00:00 AM,06/30/2021 12:00:00 AM,15,Boyacá,88,27,61,0,4150000
12/15/2021 12:00:00 AM,06/30/2021 12:00:00 AM,17,Caldas,6,1,5,0,139200000
12/15/2021 12:00:00 AM,06/30/2021 12:00:00 AM,18,Caquetá,9,3,6,0,0
12/15/2021 12:00:00 AM,06/30/2021 12:00:00 AM,85,Casanare,4,1,3,0,0
12/15/2021 12:00:00 AM,06/30/2021 12:00:00 AM,19,Cauca,22,18,4,0,18300000
12/15/2021 12:00:00 AM,06/30/2021 12:00:00 AM,20,Cesar,139,30,109,0,174656300
12/15/2021 12:00:00 AM,06/30/2021 12:00:00 AM,27,Chocó,13,5,8,0,6556000
12/15/2021 12:00:00 AM,06/30/2021 12:00:00 AM,23,Córdoba,46,29,17,0,2037420
12/15/2021 12:00:00 AM,06/30/2021 12:00:00 AM,25,Cundinamarca,124,37,87,0,178864000
12/15/2021 12:00:00 AM,06/30/2021 12:00:00 AM,94,Guainía,15,3,12,0,917500
12/15/2021 12:00:00 AM,06/30/2021 12:00:00 AM,95,Guaviare,0,0,0,0,0
12/15/2021 12:00:00 AM,06/30/2021 12:00:00 AM,41,Huila,31,14,16,1,44736240
12/15/2021 12:00:00 AM,06/30/2021 12:00:00 AM,44,La Guajira,112,21,91,0,82012000
12/15/2021 12:00:00 AM,06/30/2021 12:00:00 AM,47,Magdalena,240,125,111,4,34082750
12/15/2021 12:00:00 AM,06/30/2021 12:00:00 AM,50,Meta,3406,608,2798,0,40410000
12/15/2021 12:00:00 AM,06/30/2021 12:00:00 AM,52,Nariño,0,0,0,0,0
12/15/2021 12:00:00 AM,06/30/2021 12:00:00 AM,54,Norte de Santander,0,0,0,0,0
12/15/2021 12:00:00 AM,06/30/2021 12:00:00 AM,86,Putumayo,6,2,4,0,56572000
12/15/2021 12:00:00 AM,06/30/2021 12:00:00 AM,63,Quindío,43,26,17,0,38000000
12/15/2021 12:00:00 AM,06/30/2021 12:00:00 AM,66,Risaralda,2,0,2,0,0
12/15/2021 12:00:00 AM,06/30/2021 12:00:00 AM,88,San Andrés y Providencia,0,0,0,0,0
12/15/2021 12:00:00 AM,06/30/2021 12:00:00 AM,68,Santander,82,31,49,2,172010000
12/15/2021 12:00:00 AM,06/30/2021 12:00:00 AM,70,Sucre,158,65,93,0,23878710
12/15/2021 12:00:00 AM,06/30/2021 12:00:00 AM,73,Tolima,462,99,363,0,22903000
12/15/2021 12:00:00 AM,06/30/2021 12:00:00 AM,76,Valle del Cauca,81,21,58,2,132108000
12/15/2021 12:00:00 AM,06/30/2021 12:00:00 AM,97,Vaupés,0,0,0,0,0
12/15/2021 12:00:00 AM,06/30/2021 12:00:00 AM,99,Vichada,0,0,0,0,0
12/15/2021 12:00:00 AM,06/30/2021 12:00:00 AM,0,Sin información,0,0,0,0,0
12/15/2021 12:00:00 AM,07/31/2021 12:00:00 AM,91,Amazonas,0,0,0,0,0
12/15/2021 12:00:00 AM,07/31/2021 12:00:00 AM,5,Antioquia,726,128,597,1,2654446061
12/15/2021 12:00:00 AM,07/31/2021 12:00:00 AM,81,Arauca,29,25,4,0,760140000
12/15/2021 12:00:00 AM,07/31/2021 12:00:00 AM,8,Atlántico,0,0,0,0,0
12/15/2021 12:00:00 AM,07/31/2021 12:00:00 AM,11,Bogotá,0,0,0,0,0
12/15/2021 12:00:00 AM,07/31/2021 12:00:00 AM,13,Bolívar,3,1,2,0,18600
12/15/2021 12:00:00 AM,07/31/2021 12:00:00 AM,15,Boyacá,7130,2135,4991,4,17758344986
12/15/2021 12:00:00 AM,07/31/2021 12:00:00 AM,17,Caldas,50,20,30,0,110284000
12/15/2021 12:00:00 AM,07/31/2021 12:00:00 AM,18,Caquetá,296,151,145,0,8798000
12/15/2021 12:00:00 AM,07/31/2021 12:00:00 AM,85,Casanare,0,0,0,0,0
12/15/2021 12:00:00 AM,07/31/2021 12:00:00 AM,19,Cauca,759,297,462,0,2773996801
12/15/2021 12:00:00 AM,07/31/2021 12:00:00 AM,20,Cesar,71,12,59,0,2527612000
12/15/2021 12:00:00 AM,07/31/2021 12:00:00 AM,27,Chocó,74,7,67,0,109200000
12/15/2021 12:00:00 AM,07/31/2021 12:00:00 AM,23,Córdoba,8,2,6,0,218550
12/15/2021 12:00:00 AM,07/31/2021 12:00:00 AM,25,Cundinamarca,2254,825,1428,1,6487217311
12/15/2021 12:00:00 AM,07/31/2021 12:00:00 AM,94,Guainía,0,0,0,0,0
12/15/2021 12:00:00 AM,07/31/2021 12:00:00 AM,95,Guaviare,40,40,0,0,0
12/15/2021 12:00:00 AM,07/31/2021 12:00:00 AM,41,Huila,4,0,4,0,0
12/15/2021 12:00:00 AM,07/31/2021 12:00:00 AM,44,La Guajira,0,0,0,0,0
12/15/2021 12:00:00 AM,07/31/2021 12:00:00 AM,47,Magdalena,0,0,0,0,0
12/15/2021 12:00:00 AM,07/31/2021 12:00:00 AM,50,Meta,3,1,2,0,0
12/15/2021 12:00:00 AM,07/31/2021 12:00:00 AM,52,Nariño,5449,1734,3712,3,16510199116
12/15/2021 12:00:00 AM,07/31/2021 12:00:00 AM,54,Norte de Santander,562,136,422,4,2023767801
12/15/2021 12:00:00 AM,07/31/2021 12:00:00 AM,86,Putumayo,0,0,0,0,0
12/15/2021 12:00:00 AM,07/31/2021 12:00:00 AM,63,Quindío,148,148,0,0,652200000
12/15/2021 12:00:00 AM,07/31/2021 12:00:00 AM,66,Risaralda,0,0,0,0,0
12/15/2021 12:00:00 AM,07/31/2021 12:00:00 AM,88,San Andrés y Providencia,0,0,0,0,0
12/15/2021 12:00:00 AM,07/31/2021 12:00:00 AM,68,Santander,572,133,439,0,1538745667
12/15/2021 12:00:00 AM,07/31/2021 12:00:00 AM,70,Sucre,77,22,55,0,2774450
12/15/2021 12:00:00 AM,07/31/2021 12:00:00 AM,73,Tolima,1065,311,752,2,6085170200
12/15/2021 12:00:00 AM,07/31/2021 12:00:00 AM,76,Valle del Cauca,715,178,536,1,54000000
12/15/2021 12:00:00 AM,07/31/2021 12:00:00 AM,97,Vaupés,0,0,0,0,0
12/15/2021 12:00:00 AM,07/31/2021 12:00:00 AM,99,Vichada,0,0,0,0,0
12/15/2021 12:00:00 AM,07/31/2021 12:00:00 AM,0,Sin información,0,0,0,0,0
12/15/2021 12:00:00 AM,08/31/2021 12:00:00 AM,91,Amazonas,0,0,0,0,0
12/15/2021 12:00:00 AM,08/31/2021 12:00:00 AM,5,Antioquia,582,164,418,0,72946000
12/15/2021 12:00:00 AM,08/31/2021 12:00:00 AM,81,Arauca,69,25,44,0,22970000
12/15/2021 12:00:00 AM,08/31/2021 12:00:00 AM,8,Atlántico,244,37,207,0,16977000
12/15/2021 12:00:00 AM,08/31/2021 12:00:00 AM,11,Bogotá,0,0,0,0,0
12/15/2021 12:00:00 AM,08/31/2021 12:00:00 AM,13,Bolívar,59,2,57,0,2491000
12/15/2021 12:00:00 AM,08/31/2021 12:00:00 AM,15,Boyacá,150,14,136,0,419150000
12/15/2021 12:00:00 AM,08/31/2021 12:00:00 AM,17,Caldas,0,0,0,0,0
12/15/2021 12:00:00 AM,08/31/2021 12:00:00 AM,18,Caquetá,0,0,0,0,0
12/15/2021 12:00:00 AM,08/31/2021 12:00:00 AM,85,Casanare,379,168,211,0,378173000
12/15/2021 12:00:00 AM,08/31/2021 12:00:00 AM,19,Cauca,11318,5656,5662,0,32100000
12/15/2021 12:00:00 AM,08/31/2021 12:00:00 AM,20,Cesar,66,19,47,0,11700000
12/15/2021 12:00:00 AM,08/31/2021 12:00:00 AM,27,Chocó,16,2,14,0,69400000
12/15/2021 12:00:00 AM,08/31/2021 12:00:00 AM,23,Córdoba,111,50,61,0,10573200
12/15/2021 12:00:00 AM,08/31/2021 12:00:00 AM,25,Cundinamarca,215,83,132,0,296709485
12/15/2021 12:00:00 AM,08/31/2021 12:00:00 AM,94,Guainía,0,0,0,0,0
12/15/2021 12:00:00 AM,08/31/2021 12:00:00 AM,95,Guaviare,0,0,0,0,0
12/15/2021 12:00:00 AM,08/31/2021 12:00:00 AM,41,Huila,38,11,27,0,982500
12/15/2021 12:00:00 AM,08/31/2021 12:00:00 AM,44,La Guajira,57,4,53,0,8910000
12/15/2021 12:00:00 AM,08/31/2021 12:00:00 AM,47,Magdalena,0,0,0,0,0
12/15/2021 12:00:00 AM,08/31/2021 12:00:00 AM,50,Meta,182,53,129,0,31049970
12/15/2021 12:00:00 AM,08/31/2021 12:00:00 AM,52,Nariño,26,16,10,0,279000000
12/15/2021 12:00:00 AM,08/31/2021 12:00:00 AM,54,Norte de Santander,66,12,54,0,280080000
12/15/2021 12:00:00 AM,08/31/2021 12:00:00 AM,86,Putumayo,0,0,0,0,0
12/15/2021 12:00:00 AM,08/31/2021 12:00:00 AM,63,Quindío,0,0,0,0,0
12/15/2021 12:00:00 AM,08/31/2021 12:00:00 AM,66,Risaralda,0,0,0,0,0
12/15/2021 12:00:00 AM,08/31/2021 12:00:00 AM,88,San Andrés y Providencia,0,0,0,0,0
12/15/2021 12:00:00 AM,08/31/2021 12:00:00 AM,68,Santander,395,97,298,0,153062000
12/15/2021 12:00:00 AM,08/31/2021 12:00:00 AM,70,Sucre,68,39,29,0,32027400
12/15/2021 12:00:00 AM,08/31/2021 12:00:00 AM,73,Tolima,126,20,106,0,165000000
12/15/2021 12:00:00 AM,08/31/2021 12:00:00 AM,76,Valle del Cauca,0,0,0,0,0
12/15/2021 12:00:00 AM,08/31/2021 12:00:00 AM,97,Vaupés,0,0,0,0,0
12/15/2021 12:00:00 AM,08/31/2021 12:00:00 AM,99,Vichada,0,0,0,0,0
12/15/2021 12:00:00 AM,08/31/2021 12:00:00 AM,0,Sin información,0,0,0,0,0
12/15/2021 12:00:00 AM,09/30/2021 12:00:00 AM,91,Amazonas,0,0,0,0,0
12/15/2021 12:00:00 AM,09/30/2021 12:00:00 AM,5,Antioquia,197,58,139,0,30240000
12/15/2021 12:00:00 AM,09/30/2021 12:00:00 AM,81,Arauca,112,53,59,0,251900000
12/15/2021 12:00:00 AM,09/30/2021 12:00:00 AM,8,Atlántico,0,0,0,0,0
12/15/2021 12:00:00 AM,09/30/2021 12:00:00 AM,11,Bogotá,0,0,0,0,0
12/15/2021 12:00:00 AM,09/30/2021 12:00:00 AM,13,Bolívar,473,57,416,0,593886000
12/15/2021 12:00:00 AM,09/30/2021 12:00:00 AM,15,Boyacá,1832,744,1087,1,359031200
12/15/2021 12:00:00 AM,09/30/2021 12:00:00 AM,17,Caldas,52,16,35,1,475000
12/15/2021 12:00:00 AM,09/30/2021 12:00:00 AM,18,Caquetá,11,5,6,0,0
12/15/2021 12:00:00 AM,09/30/2021 12:00:00 AM,85,Casanare,0,0,0,0,0
12/15/2021 12:00:00 AM,09/30/2021 12:00:00 AM,19,Cauca,131,80,51,0,80250000
12/15/2021 12:00:00 AM,09/30/2021 12:00:00 AM,20,Cesar,93,86,7,0,293795000
12/15/2021 12:00:00 AM,09/30/2021 12:00:00 AM,27,Chocó,938,256,682,0,4222172000
12/15/2021 12:00:00 AM,09/30/2021 12:00:00 AM,23,Córdoba,134,46,88,0,18410300
12/15/2021 12:00:00 AM,09/30/2021 12:00:00 AM,25,Cundinamarca,822,295,527,0,1434638000
12/15/2021 12:00:00 AM,09/30/2021 12:00:00 AM,94,Guainía,0,0,0,0,0
12/15/2021 12:00:00 AM,09/30/2021 12:00:00 AM,95,Guaviare,24,9,15,0,112152000
12/15/2021 12:00:00 AM,09/30/2021 12:00:00 AM,41,Huila,14,2,10,2,0
12/15/2021 12:00:00 AM,09/30/2021 12:00:00 AM,44,La Guajira,297,18,279,0,47300000
12/15/2021 12:00:00 AM,09/30/2021 12:00:00 AM,47,Magdalena,19,0,19,0,12410850
12/15/2021 12:00:00 AM,09/30/2021 12:00:00 AM,50,Meta,50,22,27,1,65450000
12/15/2021 12:00:00 AM,09/30/2021 12:00:00 AM,52,Nariño,311,131,180,0,1051584000
12/15/2021 12:00:00 AM,09/30/2021 12:00:00 AM,54,Norte de Santander,0,0,0,0,0
12/15/2021 12:00:00 AM,09/30/2021 12:00:00 AM,86,Putumayo,0,0,0,0,0
12/15/2021 12:00:00 AM,09/30/2021 12:00:00 AM,63,Quindío,67,26,41,0,0
12/15/2021 12:00:00 AM,09/30/2021 12:00:00 AM,66,Risaralda,382,99,283,0,140000000
12/15/2021 12:00:00 AM,09/30/2021 12:00:00 AM,88,San Andrés y Providencia,0,0,0,0,0
12/15/2021 12:00:00 AM,09/30/2021 12:00:00 AM,68,Santander,152,127,25,0,736750000
12/15/2021 12:00:00 AM,09/30/2021 12:00:00 AM,70,Sucre,160,36,123,1,146676300
12/15/2021 12:00:00 AM,09/30/2021 12:00:00 AM,73,Tolima,27,13,13,1,9660000
12/15/2021 12:00:00 AM,09/30/2021 12:00:00 AM,76,Valle del Cauca,21,5,14,2,3600000
12/15/2021 12:00:00 AM,09/30/2021 12:00:00 AM,97,Vaupés,0,0,0,0,0
12/15/2021 12:00:00 AM,09/30/2021 12:00:00 AM,99,Vichada,19,9,10,0,200000000
12/15/2021 12:00:00 AM,09/30/2021 12:00:00 AM,0,Sin información,0,0,0,0,0
12/15/2021 12:00:00 AM,10/31/2021 12:00:00 AM,91,Amazonas,0,0,0,0,0
12/15/2021 12:00:00 AM,10/31/2021 12:00:00 AM,5,Antioquia,265,58,207,0,406696600
12/15/2021 12:00:00 AM,10/31/2021 12:00:00 AM,81,Arauca,0,0,0,0,0
12/15/2021 12:00:00 AM,10/31/2021 12:00:00 AM,8,Atlántico,202,40,162,0,6088000
12/15/2021 12:00:00 AM,10/31/2021 12:00:00 AM,11,Bogotá,0,0,0,0,0
12/15/2021 12:00:00 AM,10/31/2021 12:00:00 AM,13,Bolívar,591,116,475,0,3025285190
12/15/2021 12:00:00 AM,10/31/2021 12:00:00 AM,15,Boyacá,73,43,30,0,531000000
12/15/2021 12:00:00 AM,10/31/2021 12:00:00 AM,17,Caldas,450,241,209,0,5460000
12/15/2021 12:00:00 AM,10/31/2021 12:00:00 AM,18,Caquetá,0,0,0,0,0
12/15/2021 12:00:00 AM,10/31/2021 12:00:00 AM,85,Casanare,71,27,44,0,125580000
12/15/2021 12:00:00 AM,10/31/2021 12:00:00 AM,19,Cauca,286,75,211,0,220000000
12/15/2021 12:00:00 AM,10/31/2021 12:00:00 AM,20,Cesar,66,12,54,0,2450000
12/15/2021 12:00:00 AM,10/31/2021 12:00:00 AM,27,Chocó,63,13,50,0,980000
12/15/2021 12:00:00 AM,10/31/2021 12:00:00 AM,23,Córdoba,1182,365,817,0,4515175000
12/15/2021 12:00:00 AM,10/31/2021 12:00:00 AM,25,Cundinamarca,6895,6746,149,0,2498800000
12/15/2021 12:00:00 AM,10/31/2021 12:00:00 AM,94,Guainía,0,0,0,0,0
12/15/2021 12:00:00 AM,10/31/2021 12:00:00 AM,95,Guaviare,0,0,0,0,0
12/15/2021 12:00:00 AM,10/31/2021 12:00:00 AM,41,Huila,90,20,70,0,14642550
12/15/2021 12:00:00 AM,10/31/2021 12:00:00 AM,44,La Guajira,96,40,56,0,8549800
12/15/2021 12:00:00 AM,10/31/2021 12:00:00 AM,47,Magdalena,122,70,52,0,26410000
12/15/2021 12:00:00 AM,10/31/2021 12:00:00 AM,50,Meta,231,80,151,0,350846379
12/15/2021 12:00:00 AM,10/31/2021 12:00:00 AM,52,Nariño,61,27,34,0,466370000
12/15/2021 12:00:00 AM,10/31/2021 12:00:00 AM,54,Norte de Santander,77,11,66,0,11333180
12/15/2021 12:00:00 AM,10/31/2021 12:00:00 AM,86,Putumayo,0,0,0,0,0
12/15/2021 12:00:00 AM,10/31/2021 12:00:00 AM,63,Quindío,15,15,0,0,640000000
12/15/2021 12:00:00 AM,10/31/2021 12:00:00 AM,66,Risaralda,66,27,39,0,1500000
12/15/2021 12:00:00 AM,10/31/2021 12:00:00 AM,88,San Andrés y Providencia,165,45,120,0,0
12/15/2021 12:00:00 AM,10/31/2021 12:00:00 AM,68,Santander,944,408,536,0,423002719
12/15/2021 12:00:00 AM,10/31/2021 12:00:00 AM,70,Sucre,203,90,113,0,31950050
12/15/2021 12:00:00 AM,10/31/2021 12:00:00 AM,73,Tolima,20,15,5,0,58937500
12/15/2021 12:00:00 AM,10/31/2021 12:00:00 AM,76,Valle del Cauca,105,23,82,0,278937500
12/15/2021 12:00:00 AM,10/31/2021 12:00:00 AM,97,Vaupés,0,0,0,0,0
12/15/2021 12:00:00 AM,10/31/2021 12:00:00 AM,99,Vichada,0,0,0,0,0
12/15/2021 12:00:00 AM,10/31/2021 12:00:00 AM,0,Sin información,0,0,0,0,0
12/15/2021 12:00:00 AM,11/30/2021 12:00:00 AM,91,Amazonas,11,11,0,0,484000
12/15/2021 12:00:00 AM,11/30/2021 12:00:00 AM,5,Antioquia,0,0,0,0,0
12/15/2021 12:00:00 AM,11/30/2021 12:00:00 AM,81,Arauca,0,0,0,0,0
12/15/2021 12:00:00 AM,11/30/2021 12:00:00 AM,8,Atlántico,111,50,61,0,244338000
12/15/2021 12:00:00 AM,11/30/2021 12:00:00 AM,11,Bogotá,0,0,0,0,0
12/15/2021 12:00:00 AM,11/30/2021 12:00:00 AM,13,Bolívar,761,251,510,0,0
12/15/2021 12:00:00 AM,11/30/2021 12:00:00 AM,15,Boyacá,925,274,651,0,40000000
12/15/2021 12:00:00 AM,11/30/2021 12:00:00 AM,17,Caldas,15,7,8,0,99980000
12/15/2021 12:00:00 AM,11/30/2021 12:00:00 AM,18,Caquetá,135,27,108,0,66596538
12/15/2021 12:00:00 AM,11/30/2021 12:00:00 AM,85,Casanare,579,214,365,0,0
12/15/2021 12:00:00 AM,11/30/2021 12:00:00 AM,19,Cauca,720,268,452,0,0
12/15/2021 12:00:00 AM,11/30/2021 12:00:00 AM,20,Cesar,6,1,5,0,87226738
12/15/2021 12:00:00 AM,11/30/2021 12:00:00 AM,27,Chocó,164,35,129,0,333850000
12/15/2021 12:00:00 AM,11/30/2021 12:00:00 AM,23,Córdoba,0,0,0,0,0
12/15/2021 12:00:00 AM,11/30/2021 12:00:00 AM,25,Cundinamarca,1157,355,802,0,623017828
12/15/2021 12:00:00 AM,11/30/2021 12:00:00 AM,94,Guainía,461,216,245,0,30000000
12/15/2021 12:00:00 AM,11/30/2021 12:00:00 AM,95,Guaviare,56,19,37,0,0
12/15/2021 12:00:00 AM,11/30/2021 12:00:00 AM,41,Huila,15,3,12,0,2895750
12/15/2021 12:00:00 AM,11/30/2021 12:00:00 AM,44,La Guajira,0,0,0,0,0
12/15/2021 12:00:00 AM,11/30/2021 12:00:00 AM,47,Magdalena,0,0,0,0,0
12/15/2021 12:00:00 AM,11/30/2021 12:00:00 AM,50,Meta,1,1,0,0,80232000
12/15/2021 12:00:00 AM,11/30/2021 12:00:00 AM,52,Nariño,813,302,511,0,82224000
12/15/2021 12:00:00 AM,11/30/2021 12:00:00 AM,54,Norte de Santander,0,0,0,0,0
12/15/2021 12:00:00 AM,11/30/2021 12:00:00 AM,86,Putumayo,8,5,3,0,96612000
12/15/2021 12:00:00 AM,11/30/2021 12:00:00 AM,63,Quindío,0,0,0,0,0
12/15/2021 12:00:00 AM,11/30/2021 12:00:00 AM,66,Risaralda,310,112,198,0,0
12/15/2021 12:00:00 AM,11/30/2021 12:00:00 AM,88,San Andrés y Providencia,0,0,0,0,0
12/15/2021 12:00:00 AM,11/30/2021 12:00:00 AM,68,Santander,47,25,22,0,101053640
12/15/2021 12:00:00 AM,11/30/2021 12:00:00 AM,70,Sucre,807,174,633,0,24505000
12/15/2021 12:00:00 AM,11/30/2021 12:00:00 AM,73,Tolima,512,231,281,0,325038000
12/15/2021 12:00:00 AM,11/30/2021 12:00:00 AM,76,Valle del Cauca,49,18,31,0,55750000
12/15/2021 12:00:00 AM,11/30/2021 12:00:00 AM,97,Vaupés,0,0,0,0,0
12/15/2021 12:00:00 AM,11/30/2021 12:00:00 AM,99,Vichada,75,46,29,0,1255330000
12/15/2021 12:00:00 AM,11/30/2021 12:00:00 AM,0,Sin información,0,0,0,0,0
12/15/2021 12:00:00 AM,12/10/2021 12:00:00 AM,91,Amazonas,0,0,0,0,0
12/15/2021 12:00:00 AM,12/10/2021 12:00:00 AM,5,Antioquia,69,27,40,2,0
12/15/2021 12:00:00 AM,12/10/2021 12:00:00 AM,81,Arauca,0,0,0,0,0
12/15/2021 12:00:00 AM,12/10/2021 12:00:00 AM,8,Atlántico,107,29,78,0,154795000
12/15/2021 12:00:00 AM,12/10/2021 12:00:00 AM,11,Bogotá,0,0,0,0,0
12/15/2021 12:00:00 AM,12/10/2021 12:00:00 AM,13,Bolívar,219,77,142,0,222425000
12/15/2021 12:00:00 AM,12/10/2021 12:00:00 AM,15,Boyacá,3,1,2,0,0
12/15/2021 12:00:00 AM,12/10/2021 12:00:00 AM,17,Caldas,249,71,177,1,749250
12/15/2021 12:00:00 AM,12/10/2021 12:00:00 AM,18,Caquetá,22,6,16,0,0
12/15/2021 12:00:00 AM,12/10/2021 12:00:00 AM,85,Casanare,0,0,0,0,0
12/15/2021 12:00:00 AM,12/10/2021 12:00:00 AM,19,Cauca,304,100,204,0,187040000
12/15/2021 12:00:00 AM,12/10/2021 12:00:00 AM,20,Cesar,10,3,7,0,4800000
12/15/2021 12:00:00 AM,12/10/2021 12:00:00 AM,27,Chocó,205,56,149,0,144000000000
12/15/2021 12:00:00 AM,12/10/2021 12:00:00 AM,23,Córdoba,15,5,10,0,36000
12/15/2021 12:00:00 AM,12/10/2021 12:00:00 AM,25,Cundinamarca,38,10,27,1,0
12/15/2021 12:00:00 AM,12/10/2021 12:00:00 AM,94,Guainía,0,0,0,0,0
12/15/2021 12:00:00 AM,12/10/2021 12:00:00 AM,95,Guaviare,0,0,0,0,0
12/15/2021 12:00:00 AM,12/10/2021 12:00:00 AM,41,Huila,131,16,112,3,618552
12/15/2021 12:00:00 AM,12/10/2021 12:00:00 AM,44,La Guajira,1,1,0,0,0
12/15/2021 12:00:00 AM,12/10/2021 12:00:00 AM,47,Magdalena,0,0,0,0,0
12/15/2021 12:00:00 AM,12/10/2021 12:00:00 AM,50,Meta,42,27,15,0,36400000
12/15/2021 12:00:00 AM,12/10/2021 12:00:00 AM,52,Nariño,479,192,286,1,0
12/15/2021 12:00:00 AM,12/10/2021 12:00:00 AM,54,Norte de Santander,0,0,0,0,0
12/15/2021 12:00:00 AM,12/10/2021 12:00:00 AM,86,Putumayo,4,4,0,0,0
12/15/2021 12:00:00 AM,12/10/2021 12:00:00 AM,63,Quindío,0,0,0,0,0
12/15/2021 12:00:00 AM,12/10/2021 12:00:00 AM,66,Risaralda,134,35,98,1,14133169
12/15/2021 12:00:00 AM,12/10/2021 12:00:00 AM,88,San Andrés y Providencia,0,0,0,0,0
12/15/2021 12:00:00 AM,12/10/2021 12:00:00 AM,68,Santander,602,175,427,0,480000000
12/15/2021 12:00:00 AM,12/10/2021 12:00:00 AM,70,Sucre,18,2,16,0,0
12/15/2021 12:00:00 AM,12/10/2021 12:00:00 AM,73,Tolima,11,0,11,0,0
12/15/2021 12:00:00 AM,12/10/2021 12:00:00 AM,76,Valle del Cauca,5,0,5,0,0
12/15/2021 12:00:00 AM,12/10/2021 12:00:00 AM,97,Vaupés,0,0,0,0,0
12/15/2021 12:00:00 AM,12/10/2021 12:00:00 AM,99,Vichada,0,0,0,0,0
12/15/2021 12:00:00 AM,12/10/2021 12:00:00 AM,0,Sin información,0,0,0,0,0
